account,text,date,compound,positive,neutral,negative
BBC,"In 1941, Josef Jakobs was executed at the Tower of London, marking the end of a chapter in its history. https://t.co/q9nwuRjqmv",2018-04-25 20:12:00,0.0,0.0,1.0,0.0
BBC,"Hugh Fearnley-Whittingstall is on a mission, asking food producers, restaurants and the government to confront Brit‚Ä¶ https://t.co/EcfjGY9Hqo",2018-04-25 19:03:06,-0.1779,0.0,0.898,0.102
BBC,‚òÄÔ∏èüõ∂ How an isolated indigenous community in Ecuador is protecting the Amazon jungle with its first solar powered ca‚Ä¶ https://t.co/yHNXh2C0ZO,2018-04-25 18:00:25,-0.1531,0.077,0.818,0.105
BBC,"üå±üçì A man has told of how he 'got his mum back' after a diagnosis of Alzheimer's, in part, by getting her to follow‚Ä¶ https://t.co/Bj8a8iAK61",2018-04-25 17:01:10,0.0,0.0,1.0,0.0
BBC,‚ù§Ô∏èüêø The dating scene is tough when you're a red squirrel... https://t.co/BUTI5sOp3R,2018-04-25 16:00:21,-0.128,0.0,0.87,0.13
BBC,"üêß ü§£ When penguins... HONK!... interrupt... HONK!... your TV interview... HONK!   
#WorldPenguinDay https://t.co/mFUZec36Ne",2018-04-25 14:44:29,0.6219,0.203,0.797,0.0
BBC,"RT @BBCOne: .@HughFW is waging a war on waistlines. Tonight, 9pm, BBC One üçî
#BritainsFatFight https://t.co/zYC7BECRw9",2018-04-25 14:31:54,-0.5994,0.0,0.782,0.218
BBC,"RT @bbcmusic: OH HI @NiallOfficial üòç 

#SoundsLikeFridayNight https://t.co/Iw2xK5wMj7",2018-04-25 14:30:12,0.4588,0.231,0.769,0.0
BBC,"RT @BBC6Music: ""I essentially went to Hogwarts!""
- @SimonPegg reveals how to have the #BiggestWeekend in his hometown of Gloucester.

üé• Lis‚Ä¶",2018-04-25 13:55:02,0.0,0.0,1.0,0.0
BBC,ü§† Never turn your back on a man in a cowboy hat. https://t.co/CBkcugUzBO,2018-04-25 13:49:16,0.0,0.0,1.0,0.0
BBC,RT @BBCBreakfast: Just look at these gorgeous rescued bear cubs üòç https://t.co/2wvTLiA01U,2018-04-25 12:36:12,0.8689,0.45,0.55,0.0
BBC,RT @BBCTwo: This penguin swims thousands of miles every year to visit his best friend... üêßüíô #WorldPenguinDay https://t.co/JlrMZ5exRE,2018-04-25 12:24:43,0.6369,0.198,0.802,0.0
BBC,Mums have responded to pictures of the Duchess of Cambridge leaving hospital following the birth of her third child‚Ä¶ https://t.co/KQKq2MfdM8,2018-04-25 11:00:09,0.0,0.0,1.0,0.0
BBC,üî•üå∂ Some people just can't handle the heat. https://t.co/bcWeeTB8F1,2018-04-25 10:12:00,0.0,0.0,1.0,0.0
BBC,RT @TWBBC: We made a chatbot. Our chatbot predicts how influential your Instagram pictures will be before you post them. Our chatbot uses m‚Ä¶,2018-04-25 08:41:42,0.4404,0.116,0.884,0.0
BBC,üíå This woman will write you a letter when you're going through hard times. https://t.co/6WejY9BcoI,2018-04-25 08:01:03,0.5859,0.226,0.699,0.075
BBC,"üìö From ancient epics to modern novels, some narratives have changed history and influenced the mindsets of generati‚Ä¶ https://t.co/QDcGy8jwXe",2018-04-25 07:28:08,0.0,0.0,1.0,0.0
BBC,"These children on Sal Island in Cape Verde are working hard to clean up their beaches. 
#OurBluePlanet https://t.co/IziZtoSeEp",2018-04-25 07:01:04,0.3182,0.134,0.796,0.07
BBC,"A leading divorce lawyer leaves the family firm for a rival, throwing her relationships into turmoil in the process‚Ä¶ https://t.co/AHGrKnYPhA",2018-04-24 19:03:07,-0.3612,0.0,0.872,0.128
BBC,"üêúü§ñ By turning ant brains into algorithms, scientists have created robots that navigate without GPS. https://t.co/8qGDjewneC",2018-04-24 18:00:24,0.25,0.118,0.882,0.0
BBC,üò≤ Australian police say they will review how a 12-year-old boy travelled alone to Bali after he had a row with his‚Ä¶ https://t.co/gskGhMaKgN,2018-04-24 17:01:03,0.1531,0.106,0.813,0.081
BBC,RT @bbcwritersroom: Want to get yr first @BBC writing credit? We're running a #Comedy monologue opportunity alongside @bbcmusic @bbcintrodu‚Ä¶,2018-04-24 16:08:00,0.6908,0.309,0.691,0.0
BBC,"Queen Victoria was sort of the Darth Vader of the British Empire. 
#CunkOnBritain https://t.co/F4BGHWQtiz",2018-04-24 16:01:03,0.0,0.0,1.0,0.0
BBC,"RT @BBCOne: When divorce is a family affair... 

#TheSplit. Starts tonight at 9pm on @BBCOne. https://t.co/T31iOt0GIx",2018-04-24 15:21:18,0.0,0.0,1.0,0.0
BBC,"RT @BBCTwo: The Battle of Trafalgar really slowed down trade at the Pret a Manger. üòÇüá¨üáß @missdianemorgan #CunkOnBritain
https://t.co/5tkFNfD‚Ä¶",2018-04-24 15:20:51,-0.3818,0.0,0.867,0.133
BBC,RT @BBCNews: Gun salute takes place in London for new prince https://t.co/g5AEWrmRec https://t.co/dBoijinHBe,2018-04-24 15:16:28,-0.34,0.0,0.833,0.167
BBC,"ü§¢ü•öThe planet Uranus has clouds made up of hydrogen sulphide, the gas that gives rotten eggs their unpleasant smell,‚Ä¶ https://t.co/WWBR6BuUa3",2018-04-24 15:00:24,-0.7506,0.0,0.738,0.262
BBC,"üì∏‚ù§Ô∏è This wedding photo will give you all the feels...

It's by the most committed photographer ever.
üëâ‚Ä¶ https://t.co/BRtArfWGTM",2018-04-24 13:01:04,0.3384,0.117,0.883,0.0
BBC,"üê∞ When your pet rabbit has got RAGE issues. 
#NightmarePetsSOS https://t.co/EQF2bAPgIF",2018-04-24 12:00:21,-0.6523,0.0,0.717,0.283
BBC,"The faecal transplant, also known as trans-poo-sion, surely has the title of medicine's most disgusting procedure..‚Ä¶ https://t.co/433qH3AFV6",2018-04-24 11:10:06,-0.2006,0.134,0.695,0.171
BBC,Cheers! üç¨üçã Sweet maker Gillian shows @NishaKatona how to make her gin and tonic marshmallows. #TopOfTheShop https://t.co/zLqZBO0Hg0,2018-04-24 10:33:00,0.75,0.299,0.701,0.0
BBC,RT @BBCOne: Less than one month to go until the #RoyalWedding!  üë∞ üíë üíçüéâ‚ù§Ô∏è https://t.co/4tpY4OERd0,2018-04-24 10:12:04,0.0,0.0,1.0,0.0
BBC,"RT @bbceurovision: ""May we have your points please?..."" @Rylan prepares the 2018 #Eurovision artists for the all important scoring. ü§£ https‚Ä¶",2018-04-24 10:08:25,0.6124,0.179,0.821,0.0
BBC,RT @BBCNewsround: Why is Millicent Fawcett getting her own statue in Parliament Square? https://t.co/e6fNQd9ezH https://t.co/y09ruvrxIT,2018-04-24 09:08:33,0.0,0.0,1.0,0.0
BBC,RT @BBCLookEast: Well done @simonsmarathon who completed the London Marathon late last night - he is the first man to finish the race using‚Ä¶,2018-04-24 09:02:42,0.2732,0.087,0.913,0.0
BBC,"RT @BBCGetIn: **DEADLINE ALERT**

Just 4 days left to apply for our Communications Trainee Scheme!

Applications close on Thursday 26th Apr‚Ä¶",2018-04-24 08:47:41,0.0,0.0,1.0,0.0
BBC,‚ù§Ô∏è This make-up artist is using her skills to help scarred women feel beautiful again. https://t.co/BuQ3vMwtPn,2018-04-24 08:01:02,0.765,0.306,0.694,0.0
BBC,"üåàüëÄ Did you know that depending on what language you speak, your eye perceives colours ‚Äì and the world ‚Äì differently‚Ä¶ https://t.co/Q6Cn2rteK3",2018-04-24 07:29:05,0.0,0.0,1.0,0.0
BBC,"‚ÄòI‚Äôm determined to prove the terrorists wrong.‚Äô

Martin was paralysed in the Manchester Arena attack and is now tra‚Ä¶ https://t.co/qTRSdGxBeJ",2018-04-24 07:00:08,-0.7003,0.09,0.639,0.271
BBC,"RT @BBCTwo: It's #ShakespearesBirthday so here's Hamlet's famous ""To be or not to be"" speech, performed by Andrew Scott! üìúüé≠üéÇ https://t.co/b‚Ä¶",2018-04-23 19:15:23,0.0,0.0,1.0,0.0
BBC,üë∂üíñ The Duke and Duchess of Cambridge introduce their new son to the world. https://t.co/nmrD1axv6Y,2018-04-23 18:53:11,0.0,0.0,1.0,0.0
BBC,‚úàÔ∏è Do you know how to wear an oxygen mask?  https://t.co/pf8lvubtc9,2018-04-23 18:01:04,0.0,0.0,1.0,0.0
BBC,RT @BBCBreaking: The Duke and Duchess of Cambridge show off new son outside London hospital https://t.co/lGZ2YAK7um #royalbaby https://t.co‚Ä¶,2018-04-23 16:58:47,0.0,0.0,1.0,0.0
BBC,‚ù§Ô∏è The Duke of Cambridge has arrived at hospital with Prince George &amp; Princess Charlotte following birth of their b‚Ä¶ https://t.co/w0QF6vPprS,2018-04-23 16:23:06,0.0,0.0,1.0,0.0
BBC,"üòÇ That time the police busted Mary Berry smuggling ingredients into America‚Ä¶ 
#TheGNShow https://t.co/slxL3klU3h",2018-04-23 16:01:07,-0.0516,0.16,0.63,0.21
BBC,"How much do you know about England, the English and the frequently odd things they do and eat? Celebrate‚Ä¶ https://t.co/zCiIrdYYkW",2018-04-23 15:32:35,-0.3182,0.0,0.892,0.108
BBC,"How does plastic actually enter our oceans? 
#OurBluePlanet  https://t.co/LdOt9inVFS",2018-04-23 15:03:01,0.0,0.0,1.0,0.0
BBC,RT @BBCNews: #royalbaby: Formal notice of birth displayed on forecourt of Buckingham Palace https://t.co/jU2MrpGseg https://t.co/wWgoKAeFaJ,2018-04-23 13:53:37,0.0,0.0,1.0,0.0
BBC,üê∂‚ù§Ô∏è Australian police have praised a dog for remaining with a three-year-old girl as she spent a night lost in bush‚Ä¶ https://t.co/oGu1MgHiI0,2018-04-23 13:32:04,0.2263,0.142,0.756,0.102
BBC,"Beth is a trainee nurse about to start working in A&amp;E. üè•üöë

Can former nurse Una calm her nerves via a hidden earpie‚Ä¶ https://t.co/Z1HXesGbkQ",2018-04-23 12:33:00,0.2263,0.097,0.844,0.059
BBC,"üë∂‚ù§Ô∏è It's a boy! 

The Duchess of Cambridge gives birth to her third child, who is fifth in line to throne. 
üëâ‚Ä¶ https://t.co/txzbor7jKG",2018-04-23 12:09:01,0.0,0.0,1.0,0.0
BBC,"Arthur? Albert? Mary? Alice?

As the Duchess of Cambridge goes into labour with her third child, speculation contin‚Ä¶ https://t.co/3a65q968kv",2018-04-23 11:27:23,0.0,0.0,1.0,0.0
BBC,"From Cold War spy station to Europe‚Äôs largest graffiti gallery.
üëâhttps://t.co/gesQ2io25H https://t.co/7FcEBRJepr",2018-04-23 11:00:19,-0.5994,0.0,0.738,0.262
BBC,"RT @BBC_Culture: Beyond their literary value, do stories have the power to change the world? @clemencybh #100Stories https://t.co/P5tqktMh0‚Ä¶",2018-04-23 10:59:52,0.34,0.124,0.876,0.0
BBC,"RT @BBCOne: Can @nilerogers &amp; Chic condense a lifetime of music into one minute?
#GigInAMinute on #SoundsLikeFridayNight. https://t.co/IUYj‚Ä¶",2018-04-23 09:35:20,0.2732,0.116,0.884,0.0
BBC,RT @bbcthree: This woman will write you a letter when you're going through hard times. https://t.co/A2ZkmvZD9w,2018-04-23 09:34:07,-0.1027,0.0,0.909,0.091
BBC,"RT @BBCBreakfast: We're celebrating 20 years of @carolkirkwood on BBC Breakfast! üéÇüéä
Here are just some of her best bits! üôàüòÇ #20yearsofCarol‚Ä¶",2018-04-23 08:32:15,0.8585,0.298,0.702,0.0
BBC,üêÆü•õ Is this the future of dairy farming?  https://t.co/goewsyXmgF,2018-04-23 08:00:13,0.0,0.0,1.0,0.0
BBC,"üë∂‚ù§Ô∏è Royal baby on the way!

The Duchess of Cambridge has been admitted to hospital in the early stages of labour wi‚Ä¶ https://t.co/FoLkBUkiwB",2018-04-23 07:44:38,0.1759,0.071,0.929,0.0
BBC,RT @BBCBreaking: Duchess of Cambridge has been admitted to hospital in the early stages of labour with her third child https://t.co/ST2R53a‚Ä¶,2018-04-23 07:30:49,0.1027,0.065,0.935,0.0
BBC,"Contrary to popular belief, we now hear more diverse voices than ever before and most people do not live in Faceboo‚Ä¶ https://t.co/RLgNf8khvQ",2018-04-23 07:30:05,0.4215,0.118,0.882,0.0
BBC,üöÄ Three things you didn‚Äôt know about going to Mars. https://t.co/pOPJz82fXB,2018-04-23 07:00:09,0.0,0.0,1.0,0.0
BBC,"Stand up comedy from halloumi enthusiast and absolute lad @joelycett. üòÇ

That's The Way, A-Ha A-Ha, Joe Lycett | 10‚Ä¶ https://t.co/NHdfQKtLmC",2018-04-22 20:17:08,0.7845,0.287,0.651,0.062
BBC,The lives of two half-sisters and their drawing master get caught up in a deadly conspiracy revolving around a ment‚Ä¶ https://t.co/Eczbbv1Xiq,2018-04-22 19:03:04,-0.5267,0.0,0.841,0.159
BBC,üòçüêÆ These cows have been let out for the first time in five months. https://t.co/RYBwAENw0L,2018-04-22 18:00:24,0.0,0.0,1.0,0.0
BBC,‚ù§Ô∏èü¶ç Bolingo is learning to enhance his mental and physical wellbeing. https://t.co/PCd1vtd9mD,2018-04-22 16:00:22,0.0,0.0,1.0,0.0
BBC,It's a boy! üòçThe gender of the UK's first polar bear cub to be born in 25 years has been confirmed... now we just n‚Ä¶ https://t.co/ylwMjGfhBs,2018-04-22 15:31:08,0.0,0.0,1.0,0.0
BBC,RT @BBCNewsbeat: During the #LondonMarathon this man proposed to his girlfriend üíç‚ù§Ô∏è https://t.co/k4EHQiRGo7,2018-04-22 15:30:13,0.0,0.0,1.0,0.0
BBC,"No business cards, a focus on ‚Äòlife-life balance‚Äô and an average employee age of 25-years-old‚Ä¶

Is this the younges‚Ä¶ https://t.co/fwXh4t9W84",2018-04-22 13:08:03,-0.296,0.0,0.891,0.109
BBC,"RT @BBC100women: In 1967, @KVSwitzer became the first woman to officially run the Boston Marathon.

Kathrine has gone on to run another 40‚Ä¶",2018-04-22 12:56:32,0.0,0.0,1.0,0.0
BBC,What a legend. üôå https://t.co/0weiFvPGwD,2018-04-22 12:15:00,0.0,0.0,1.0,0.0
BBC,This is how art is helping Beirut recover from the ravages of war. üé®‚ù§Ô∏èÔ∏è https://t.co/BDswK8zvQE https://t.co/YywZCbNWtU,2018-04-22 12:03:05,-0.4019,0.109,0.697,0.194
BBC,"RT @BBCOne: Third place AND the British record. 

Go Mo! üôåüôå #LondonMarathon https://t.co/fJs3g0LSwk",2018-04-22 12:00:40,0.0,0.0,1.0,0.0
BBC,"RT @BBCOne: Running: not for everyone. 
#LondonMarathon @bbcsport https://t.co/ZgJ2hPF3K2",2018-04-22 12:00:34,0.0,0.0,1.0,0.0
BBC,Imagine a world where scientists are the people kids dreamed of becoming. üî¨üí°üöÄ @KarenLMasters takes us to her ‚Äúscien‚Ä¶ https://t.co/JYagPrcqhB,2018-04-22 11:06:05,0.0,0.0,1.0,0.0
BBC,"RT @bbcgetinspired: Running 26.2 miles = dedication ‚úÖüíØ

But running it dressed as a minion or a giant rhino? Amazing üòÇ

#LondonMarathon #Ge‚Ä¶",2018-04-22 10:43:47,0.8765,0.308,0.622,0.07
BBC,"RT @BBCSport: What a moment for her! After making her marathon debut last year at the age of 33, Kenya's Vivian Cheruiyot has won her first‚Ä¶",2018-04-22 10:43:33,0.6114,0.143,0.857,0.0
BBC,"Before her family went into hiding, Anne Frank exchanged letters with a pen pal from America. üíåüëâ‚Ä¶ https://t.co/WPpcqc0o7S",2018-04-22 10:03:04,-0.296,0.0,0.879,0.121
BBC,"RT @bbcgetinspired: 26.2 miles.
40,000 runners.
40,000 reasons to run.

It's the @LondonMarathon!

Live üëâ https://t.co/3dAqQTmdJ1

üì∫ @BBCOn‚Ä¶",2018-04-22 09:06:18,0.0,0.0,1.0,0.0
BBC,"If you thought being transgender was a recent development, the Ancient Greeks have news for you... https://t.co/qxl9lcqC0O",2018-04-22 09:04:04,0.0,0.0,1.0,0.0
BBC,RT @BBCSport: Paula Radcliffe thinks her record is under threat today from Mary Keitany and Tirunesh Dibaba. We'll soon see. They're off an‚Ä¶,2018-04-22 08:47:42,-0.5267,0.0,0.866,0.134
BBC,"RT @BBCEngland: üèÉ‚Äç‚ôÄÔ∏è‚òÄÔ∏èüèÉ‚Äç‚ôÇÔ∏è Running the #LondonMarathon today? üèÉ‚Äç‚ôÄÔ∏è‚òÄÔ∏èüèÉ‚Äç‚ôÇÔ∏è

Here's what you need to know about running a marathon in the heat‚Ä¶",2018-04-22 08:40:21,0.0,0.0,1.0,0.0
BBC,"RT @BBCOne: Good luck to everyone running the #LondonMarathon today üôå 

Tune in to live coverage üì∫ @bbcone.
Follow live online with @bbcspo‚Ä¶",2018-04-22 08:39:44,0.7096,0.211,0.789,0.0
BBC,How do you put on a world class show when your theatre is surrounded by water? üé≠üé∂üéü https://t.co/SNmeBae451,2018-04-22 08:03:06,0.0,0.0,1.0,0.0
BBC,"üèÉüèÉ‚Äç‚ôÄÔ∏èüëè @GabbyLogan is live at the 38th London Marathon, where world-class runners and thousands of fundraisers are‚Ä¶ https://t.co/fc22DepgVZ",2018-04-22 07:08:06,0.0,0.0,1.0,0.0
BBC,RT @BBCNews: Austin Powers actor Verne Troyer dies aged 49 https://t.co/ongU21oE9A,2018-04-21 21:17:16,0.0,0.0,1.0,0.0
BBC,"RT @BBCOne: Here's a special message to The Queen to wish Her Majesty a Happy Birthday. With @CraigDavid, @ShawnMendes, @TheRealLukevans an‚Ä¶",2018-04-21 21:00:57,0.8442,0.363,0.637,0.0
BBC,Shaggy helps the Queen celebrate 92nd birthday! üëë¬†https://t.co/5C4NR4h5f9 https://t.co/jBHBF8ECOh,2018-04-21 20:58:05,0.7644,0.452,0.548,0.0
BBC,Fans gather in Stockholm to remember superstar DJ #Avicci. https://t.co/S7pIZbIwpd https://t.co/YD5Wuzaue1,2018-04-21 20:45:04,0.0,0.0,1.0,0.0
BBC,"Tonight, @ShawnMendes, @kylieminogue, @RealSirTomJones and more will perform at a celebration concert for Her Majes‚Ä¶ https://t.co/NweqKaZsdW",2018-04-21 18:01:03,0.0,0.0,1.0,0.0
BBC,üé® Meet the 91-year-old rebel artist who was told he was unteachable. https://t.co/Vyquf7IG49,2018-04-21 17:05:03,-0.1531,0.0,0.89,0.11
BBC,‚ù§Ô∏èü¶ç A mother's love. https://t.co/O88T9j69Ga,2018-04-21 16:03:02,0.6369,0.583,0.417,0.0
BBC,"üòÇ He's just playing, isn't he?
#Doodlebugs https://t.co/l36pbPp0xO",2018-04-21 15:01:06,0.5719,0.339,0.545,0.115
BBC,RT @bbccomedy: But isn't every day #NationalTeaDay? üòúüá¨üáß https://t.co/hopt64YkzD,2018-04-21 14:11:43,0.0,0.0,1.0,0.0
BBC,"üöòüöÜ A man bought a car, taxed and insured it and drove from London to Bristol - all for less than a return train far‚Ä¶ https://t.co/sOaqAT62I9",2018-04-21 14:07:06,0.0,0.0,1.0,0.0
BBC,"RT @bbcmusic: HOW GREAT was @ShawnMendes 'In My Blood' performance? üíï 
Watch in full üëâhttps://t.co/OkASFE8FDB

#SoundsLikeFridayNight https‚Ä¶",2018-04-21 13:10:37,0.7034,0.221,0.779,0.0
BBC,"A small cut whilst playing with his dog cost this man his legs and some of his fingers. 

Now he wants to raise awa‚Ä¶ https://t.co/jiLrK4TC53",2018-04-21 13:06:06,-0.0772,0.069,0.849,0.081
BBC,"RT @BBCNews: 41-gun salute at Hyde Park marks the Queen's 92nd birthday 

#QueensBirthday 

https://t.co/GSG5Cg0SgW https://t.co/AqLC6PTJQA",2018-04-21 12:18:18,0.0,0.0,1.0,0.0
BBC,RT @BBCNewsround: Happy birthday to the Queen! üéâ See Her Majesty's marvellous outfits üëâhttps://t.co/4weEC55DoU #queensbirthday https://t.co‚Ä¶,2018-04-21 11:11:21,0.7712,0.309,0.691,0.0
BBC,From green tea panna cotta to Earl Grey bread: these recipes are the perfect way to celebrate #NationalTeaDay (with‚Ä¶ https://t.co/kv5ZZMQRhE,2018-04-21 11:05:04,0.8225,0.336,0.664,0.0
CBS,"New courage. New hope. New season. 

Season 3 of @CodeBlackCBS premieres TONIGHT at 10/9c on CBS! https://t.co/rR8xUCKlzI",2018-04-25 21:48:49,0.75,0.313,0.687,0.0
CBS,Celebrate #DNADay by letting your forensic flag fly and revisit some classic episodes of @CSI_CBS on CBS All Access‚Ä¶ https://t.co/YCbHDK2r4b,2018-04-25 18:09:50,0.5719,0.163,0.837,0.0
CBS,"Get ready for big reveals, dramatic conclusions, and huge guest stars! Find out more about the 2017-2018 season fin‚Ä¶ https://t.co/xcBChnjEvH",2018-04-25 16:55:33,0.6239,0.221,0.779,0.0
CBS,Who‚Äôs ready to see these moves? üï∫ Tune in to the @latelateshow‚Äôs Carpool Karaoke Primetime Special TONIGHT at 10/9c! https://t.co/gjrURqXaPN,2018-04-23 21:03:22,0.6696,0.224,0.776,0.0
CBS,"The 53rd #ACMawards turned into one big party when @KeithUrban and @juliamichaels performed their upbeat single ""Co‚Ä¶ https://t.co/Q3Zj3EzuNs",2018-04-22 16:00:03,0.4019,0.137,0.863,0.0
CBS,A blind date was all it took. Learn more about Meghan Markle and her road to royalty from the people who know her b‚Ä¶ https://t.co/fEAMUblPQ4,2018-04-20 22:00:01,-0.4019,0.0,0.895,0.105
CBS,RT @carrieunderwood: ICYMI! Watch Carrie‚Äôs performance of #CryPretty from the #ACMawards below! -TeamCU https://t.co/T9I3ko2xFu,2018-04-20 17:34:37,0.0,0.0,1.0,0.0
CBS,There's a new addition to the cast of the upcoming revival of Murphy Brown!  Learn more about Tyne Daly's character‚Ä¶ https://t.co/ijSXSLyDaR,2018-04-19 20:00:00,0.0,0.0,1.0,0.0
CBS,"Country superstar @LukeBryanOnline delivers his moving anthem ""Most People Are Good"" at the 53rd #ACMawards:‚Ä¶ https://t.co/GhhAsEDqmq",2018-04-19 19:00:02,0.4877,0.174,0.826,0.0
CBS,"Coming to CBS All Access June 14, #StrangeAngel is inspired by the real life story of Jack Parsons and explores the‚Ä¶ https://t.co/IsPrXRNXye",2018-04-19 17:08:44,0.4939,0.132,0.868,0.0
CBS,When you realize there are TWO episodes of @CrimMinds_CBS tonight! üëè Who‚Äôs ready for the double-episode season fina‚Ä¶ https://t.co/CWVAHHeIGr,2018-04-18 21:00:01,0.4199,0.128,0.872,0.0
CBS,Giving you even more reasons to celebrate! üéâ See which CBS series are back for another year: https://t.co/O2LI0eJXTA https://t.co/H436kL1jSK,2018-04-18 18:57:45,0.8539,0.355,0.645,0.0
CBS,"Watch country star @blakeshelton belt out his beautiful ballad ""I Lived It"" at the 53rd #AMCawards:‚Ä¶ https://t.co/w0WRmpQ6fk",2018-04-18 17:00:03,0.5994,0.196,0.804,0.0
CBS,RT @joshgroban: I AM SO HAPPY I COULD CRY BUT ITS MIDNIGHT IN JAPAN SO I WILL SLEEP BUT ‚ÄºÔ∏è‚ÄºÔ∏è‚ÄºÔ∏è‚ÄºÔ∏èüë´üèÜüé≠üò≠üîú #TonyAwards2018 https://t.co/NLss47K6‚Ä¶,2018-04-18 15:14:39,0.2284,0.16,0.718,0.122
CBS,Broadway stars @SaraBareilles and @joshgroban will host @TheTonyAwards on June 10! Hear how these multi-talented ar‚Ä¶ https://t.co/jy52FKd7t0,2018-04-18 15:10:34,0.0,0.0,1.0,0.0
CBS,Can you believe it‚Äôs been 11 years since @taylorswift13‚Äôs first-ever performance at the #ACMawards?! Look back at t‚Ä¶ https://t.co/QHSPuJLLFb,2018-04-17 00:26:33,0.0,0.0,1.0,0.0
CBS,Waiting for the @ScorpionCBS season finale to start like‚Ä¶ Tune in at 10/9c! https://t.co/peoDXtO707,2018-04-16 23:00:02,0.0,0.0,1.0,0.0
CBS,Cast your vote! #ACMawards https://t.co/57ZN5gr6Y1,2018-04-16 17:00:04,0.0,0.0,1.0,0.0
CBS,RT @CBSTweet: #CBSRatingsNews: #ACMawards Dominate on #CBS.  Over 12 million Total Viewers.  +11% year to year increase!  Biggest audience‚Ä¶,2018-04-16 16:02:49,0.2714,0.123,0.806,0.071
CBS,"In case you missed it, watch the entire #ACMawards now: https://t.co/P3pgMJE2oh https://t.co/OOG2R0Mb4J",2018-04-16 15:00:02,-0.296,0.0,0.833,0.167
CBS,Relive a night of all-star country music performances and epic wins at the #ACMawards. Stream the entire show:‚Ä¶ https://t.co/iA3SMVIhpA,2018-04-16 06:11:41,0.5719,0.179,0.821,0.0
CBS,Multiple ACM Award Winners @KeithUrban and @carrieunderwood just added one more trophy to their collection with the‚Ä¶ https://t.co/rMGCzOeJQK,2018-04-16 06:00:00,0.765,0.292,0.708,0.0
CBS,That's a wrap for the 53rd #ACMawards! üé¨ https://t.co/jM0HKud3d6,2018-04-16 05:55:00,0.0,0.0,1.0,0.0
CBS,"To all of tonight's nominees, we tip our hats to you! ü§† #ACMawards https://t.co/eytEezfIgS",2018-04-16 05:30:00,0.0,0.0,1.0,0.0
CBS,Retweet if you think @carrieunderwood looks beautiful tonight! #ACMawards https://t.co/sqefiLBcXd,2018-04-16 05:00:00,0.636,0.318,0.682,0.0
CBS,"In case you missed any, here's a rundown of all the performers from Country Music's Party of the Year¬Æ:‚Ä¶ https://t.co/KtRKXkUpmI",2018-04-16 05:00:00,0.128,0.123,0.776,0.1
CBS,The #ACMawards crowd was roaring for Vocal Event Of The Year winners @KeithUrban and @carrieunderwood! Here is the‚Ä¶ https://t.co/rFB5f2lVo7,2018-04-16 03:56:42,0.5255,0.159,0.841,0.0
CBS,RT @AmberLee_RN: Anyone else crying from that @Jason_Aldean acceptance speech?! Wow! Congrats Jason! #vegasstrong #ACMawards,2018-04-16 03:06:10,0.8392,0.44,0.437,0.123
CBS,"Put your hands up for Entertainer of the Year, @Jason_Aldean! üôå #ACMawards https://t.co/QLFrrsyU8R",2018-04-16 03:02:50,0.4389,0.182,0.818,0.0
CBS,RT @min_d24: Love how @LukeBryanOnline was straight fan girling on @reba and @kelly_clarkson tonight on the #ACMawards! Y'all #killedit,2018-04-16 03:00:10,0.8268,0.352,0.648,0.0
CBS,"Was that ""A-sharp"" performance by @reba and @kelly_clarkson or what!? üéº #ACMawards https://t.co/19pDyrELqC",2018-04-16 02:58:55,0.0,0.0,1.0,0.0
CBS,The news keeps getting better and better. @ChrisStapleton deserves a standing ovation tonight! He wins again for Ma‚Ä¶ https://t.co/6m7nZFwPyK,2018-04-16 02:57:41,0.8687,0.395,0.605,0.0
CBS,RT @MattBoveHS: Most People Are Good is such a powerful song #ACMawards @LukeBryanOnline,2018-04-16 02:35:58,0.7152,0.374,0.626,0.0
CBS,We have our #ACMawards Female Vocalist of the Year: @mirandalambert! üëè https://t.co/Xu7WPuv1f2,2018-04-16 02:26:16,0.0,0.0,1.0,0.0
CBS,"Without this talented group of women, @mirandalambert @reba @MarenMorris @KelseaBallerini and @carrieunderwood, lif‚Ä¶ https://t.co/Zwqh2PAdM1",2018-04-16 02:22:40,-0.4023,0.0,0.828,0.172
CBS,RT @ElizabethGilbe3: @carrieunderwood never disappoints! What an amazing voice and beautiful soul! #ACMawards #girlcrush,2018-04-16 02:12:19,0.8877,0.488,0.512,0.0
CBS,RT @SarahJPrimo: I could listen to Dan and Shay all day  #ACMawards,2018-04-16 02:10:19,0.0,0.0,1.0,0.0
CBS,RT @MegsMouthful: @carrieunderwood Just WOW. Can‚Äôt wait to hear more of your new music! #ACMawards,2018-04-16 02:10:11,0.7027,0.256,0.744,0.0
CBS,Hugs for @CarrieUnderwood and @KeithUrban's big win for Vocal Event of the Year! #ACMawards https://t.co/nn2XJ6nCSi,2018-04-16 02:10:09,0.807,0.359,0.641,0.0
CBS,Always be yourself. Unless you can be @carrieunderwood. Then be Carrie Underwood! #ACMawards #CryPretty https://t.co/32n0QJ1FLD,2018-04-16 02:04:45,0.0,0.0,1.0,0.0
CBS,"RT @VeldmanKylie: Carrie Underwood gives me chills everytime she performs, she always kills it üî•‚ù§ #ACMawards",2018-04-16 02:02:19,-0.5423,0.0,0.811,0.189
CBS,Hands up for @littlebigtown at the #ACMawardsüôå https://t.co/o8YFtpGLfK,2018-04-16 01:47:20,0.0,0.0,1.0,0.0
CBS,RT @reba: So good to see my friend Eve twice this week! @therealeve @acmawards #acmawards https://t.co/a6LxEaQt8L,2018-04-16 01:47:01,0.8038,0.341,0.659,0.0
CBS,See all the amazing red carpet looks from the 53rd #ACMawards: https://t.co/ZeZiMXphFK https://t.co/Gi79cuuVPm,2018-04-16 01:46:34,0.5859,0.241,0.759,0.0
CBS,RT @maddymika_: the ACM awards are the BEST night of the year üòçüòçüòç‚ù£Ô∏è‚ù£Ô∏è‚ù£Ô∏è #ACMAwards,2018-04-16 01:41:44,0.8374,0.398,0.602,0.0
CBS,üö® Sound the alarm because @mirandalambert is on FIRE üî• at the #ACMawards! https://t.co/11vshBs4EV,2018-04-16 01:40:16,-0.8034,0.0,0.612,0.388
CBS,RT @Skylar_Jean: @mirandalambert can do NO wrong. She is perfection. #ACMawards,2018-04-16 01:36:25,-0.3254,0.209,0.451,0.34
CBS,RT @EmilyyBruorton: @mirandalambert is my all time favorite üî•#ACMAwards #keeperoftheflame #thebest,2018-04-16 01:36:19,0.4588,0.231,0.769,0.0
CBS,Hats off to @Jason_Aldean! ü§† #ACMawards https://t.co/1WSjnafKoX,2018-04-16 01:34:44,0.0,0.0,1.0,0.0
CBS,RT @alyssaa711: Country music just brings so much joy to my heart ‚ù§Ô∏è #ACMawards,2018-04-16 01:33:02,0.6222,0.226,0.774,0.0
CBS,"She may hate love songs, but @KelseaBallerini knows how to write a great one. üíï Give her a round of applause for th‚Ä¶ https://t.co/r50viWNM0Z",2018-04-16 01:32:27,0.891,0.359,0.571,0.071
CBS,The feeling when you win Vocal Group of the Year at the #ACMawards üéâ Congratulations to @OldDominion! https://t.co/4SjYLtwLXy,2018-04-16 01:29:12,0.9041,0.448,0.552,0.0
CBS,RT @LouisianaNashie: Way to go Old Dominion #acmawards,2018-04-16 01:25:58,0.0,0.0,1.0,0.0
CBS,There's nothing in the world like that performance by @KeithUrban and @juliamichaels. Nicole Kidman agrees!‚Ä¶ https://t.co/VlwVUkNZCi,2018-04-16 01:24:45,0.4199,0.157,0.843,0.0
CBS,RT @AbigailRamage: @reba is slaying the game! Loving her outfits and her puns. She is absolutely stunning!! My all time fave ‚ù§Ô∏è‚ù§Ô∏è #ACMAwards,2018-04-16 01:23:22,0.8902,0.346,0.654,0.0
CBS,"First-ever #ACMAwards winner @BrettYoungMusic stuns the crowd with an incredible performance of his hit, ""In Case Y‚Ä¶ https://t.co/ftoksP7HrZ",2018-04-16 01:19:11,0.5994,0.234,0.766,0.0
CBS,RT @tiffstarr16: ACM awards are my favorite time of the yearüòç #ACMawards,2018-04-16 01:09:49,0.7184,0.375,0.625,0.0
CBS,RT @adelleborchetta: Loooove this song!!! @kanebrown and @Lauren_Alaina #WhatIfs #ACMAwards üòç‚ù§Ô∏èüéâ,2018-04-16 01:08:07,0.0,0.0,1.0,0.0
CBS,RT @kel_lee213: That Kane Brown performance üòçü§©üëè #kanebrown #whatif #ACMawards #country,2018-04-16 01:07:45,0.0,0.0,1.0,0.0
CBS,"What if you were made for us, and we were made for you!? ‚ù§Ô∏è How much did you love @kanebrown and @Lauren_Alaina's d‚Ä¶ https://t.co/xiZQ5wgddc",2018-04-16 01:06:21,0.6696,0.158,0.842,0.0
CBS,What a performance! @gwenstefani was all smiles when @blakeshelton was on stage. #ACMawards https://t.co/yxbA1DbieE,2018-04-16 01:04:17,0.5255,0.22,0.78,0.0
CBS,RT @wendyjo3: #ACMawards loved that @blakeshelton performance!!,2018-04-16 01:01:33,0.6688,0.428,0.572,0.0
CBS,"Making her first-ever appearance at the #ACMAwards, @BebeRexha performs her chart-topping collaboration with‚Ä¶ https://t.co/u1KXKrCbdD",2018-04-16 00:58:51,0.0,0.0,1.0,0.0
CBS,This song by @ladyantebellum sounds like the single for the summer! üé∂ #ACMawards https://t.co/81aj1vqFYh,2018-04-16 00:51:28,0.4199,0.166,0.834,0.0
CBS,RT @42nagirl: Lady Antebellum is perfection. #ACMawards,2018-04-16 00:50:09,0.5719,0.381,0.619,0.0
CBS,"Hot off the presses! Congratulations on your win and your newborn twins, @ChrisStapleton ! #ACMawards https://t.co/4e9qhxMN69",2018-04-16 00:47:48,0.8513,0.389,0.611,0.0
CBS,RT @_miracarrara: #ACMawards I am so happy ‚ÄúTin Man‚Äù won song of the year. amazingüòç@mirandalambert,2018-04-16 00:35:51,0.857,0.413,0.587,0.0
CBS,RT @TheAmelieAnna: Yaaas! @mirandalambert congrats on #Tinman winning! #ACMAwards,2018-04-16 00:34:38,0.8118,0.513,0.487,0.0
CBS,Congratulations to @mirandalambert for her #ACMawards win for Song of the Year! https://t.co/pucK1Us49R,2018-04-16 00:33:32,0.8398,0.421,0.579,0.0
CBS,Looks like @BebeRexha and @FLAGALine are ‚ÄúMeant To Be‚Äù at the #ACMawards! üé∂ https://t.co/0RvqyJ9geh,2018-04-16 00:28:40,0.4199,0.166,0.834,0.0
CBS,RT @AlliCat028: Loving the show so far. @ChrisYoungMusic rocked it and of course @reba is perfect. @ACMawards #ACMAwards,2018-04-16 00:22:23,0.8225,0.322,0.678,0.0
CBS,RT if you loved that amazing performance of ‚ÄúRich‚Äù by @MarenMorris üí∏ #ACMawards https://t.co/3FeWpdOSl6,2018-04-16 00:20:59,0.8271,0.355,0.645,0.0
CBS,"Give a round of applause for the #ACMawards host, @reba! üëè https://t.co/ilIBWn6VIn",2018-04-16 00:09:58,0.4753,0.219,0.781,0.0
CBS,RT @JustinPlummer15: Laid up in bed with my dog watching the #ACMAwards is the best way to spend Sunday night üëåüèª,2018-04-16 00:04:04,0.8842,0.32,0.68,0.0
CBS,Get ready to see your favorite country stars light up the night. The #ACMawards start NOW! https://t.co/SCf66kSWxT,2018-04-15 23:59:46,0.6996,0.279,0.721,0.0
CBS,Kick your boots off and stream the 53rd #ACMawards in 30 minutes on CBS All Access: https://t.co/sdTTidJYre https://t.co/pyi23nBPSH,2018-04-15 23:30:00,0.0,0.0,1.0,0.0
CBS,Tonight's the night! Tune in at 8/7c to see @reba and all your favorite country artists take Vegas by storm at the‚Ä¶ https://t.co/UlPpES5eN8,2018-04-15 22:00:02,0.5093,0.13,0.87,0.0
CBS,The anticipation is real. Just three hours away from the 53rd #ACMawards! Tune in at 8/7c on CBS All Access:‚Ä¶ https://t.co/9os3PJ4pyQ,2018-04-15 21:00:01,0.1759,0.078,0.922,0.0
CBS,"Are you ready to party with @dariusrucker in a few hours at the #ACMawards? Watch the show LIVE at 8/7c on CBS, or‚Ä¶ https://t.co/xAGKgZFRoD",2018-04-15 20:00:01,0.6369,0.198,0.802,0.0
CBS,Look out for @LukeBryanOnline's performance tonight at the 53rd #ACMawards! https://t.co/dgxgsfj5Hg,2018-04-15 16:00:01,0.0,0.0,1.0,0.0
CBS,Are you as excited for the #ACMawards as @KelseaBallerini? This Female Vocalist Of The Year nominee is taking the s‚Ä¶ https://t.co/JSj5jGH25H,2018-04-14 23:00:01,0.34,0.107,0.893,0.0
CBS,Watch @Jason_Aldean and @ThomasRhett take a break from rehearsals to spend quality time with Route 91 Survivors.‚Ä¶ https://t.co/TiDfaYxJUm,2018-04-14 20:26:59,0.0,0.0,1.0,0.0
CBS,Country's brightest stars like @ThomasRhett are ready to pour their hearts out during their performances tomorrow n‚Ä¶ https://t.co/m3zOG8M8lw,2018-04-14 18:17:12,0.8402,0.375,0.625,0.0
CBS,You‚Äôre invited to Country Music's Party of the Year¬Æ! Here's everything you need to know before watching the 53rd‚Ä¶ https://t.co/Xr4iamFD7t,2018-04-14 14:00:00,0.4574,0.136,0.864,0.0
CBS,Get excited! @NCIS_CBS has been renewed for Season 16. https://t.co/JnL0D0vMsV,2018-04-13 22:33:38,0.4003,0.23,0.77,0.0
CBS,What goes into putting on an extraordinary show like the 53rd #ACMawards? Head behind the scenes with the executive‚Ä¶ https://t.co/2sFRfYNAku,2018-04-13 22:02:29,0.3612,0.116,0.884,0.0
CBS,Enjoy this #FlashbackFriday revisiting @ThomasRhett @KaceyMusgraves and more of country's biggest names for their f‚Ä¶ https://t.co/cnCQBnP1xI,2018-04-13 21:49:53,0.4939,0.176,0.824,0.0
CBS,"Host of the 53rd #ACMawards @reba is ready for ""family, friends, and getting together"" this Sunday! https://t.co/y25ZipnL32",2018-04-13 19:54:31,0.7088,0.282,0.718,0.0
CBS,It's almost time for Broadway's Biggest Night! @katharinemcphee and @leslieodomjr are set to announce nominations f‚Ä¶ https://t.co/oHbuSD5ijc,2018-04-13 17:46:40,0.0,0.0,1.0,0.0
CBS,"In two days, Vocal Group Of The Year nominee @ladyantebellum will be serenading fans from the 53rd #ACMawards stage‚Ä¶ https://t.co/ku9cnef29x",2018-04-13 16:58:12,0.0,0.0,1.0,0.0
CBS,"In just a few days, country superstar @KeithUrban will take center stage with @juliamichaels to perform his new sin‚Ä¶ https://t.co/he6TsePMgA",2018-04-12 21:00:00,0.0,0.0,1.0,0.0
CBS,Country star @MarenMorris lit up the stage in honor of @eltonofficial and she's about to belt it out again at the 5‚Ä¶ https://t.co/OkGaL9MlB2,2018-04-12 19:00:03,0.4939,0.127,0.873,0.0
CBS,"Comedian, actor, and global superstar @KevinHart4real will host CBS‚Äô new TV competition TKO: TOTAL KNOCK OUT! Learn‚Ä¶ https://t.co/0XfMAoakDM",2018-04-12 18:06:10,0.4389,0.145,0.855,0.0
CBS,You may be surprised to learn some of your favorite TV stars have deep southern roots and a love for country music.‚Ä¶ https://t.co/rCoNVI0qeT,2018-04-12 16:08:57,0.8442,0.324,0.676,0.0
CBS,RT @TheTalkCBS: WATCH: @Reba McEntire AND @kelly_clarkson will be singing a duet together at the #ACMs! Check out which song they chose üëç h‚Ä¶,2018-04-11 23:19:26,0.0,0.0,1.0,0.0
CBS,"This Sunday night, @carrieunderwood will be taking the stage to share her soon-to-be-released single live at the 53‚Ä¶ https://t.co/NRS6RAaKZK",2018-04-11 22:24:38,0.296,0.109,0.891,0.0
CBS,"Pets‚Äîyou can't help but love 'em! Celebrate #NationalPetDay with more sweet, unexpected moments between Frasier and‚Ä¶ https://t.co/o4gNRN42su",2018-04-11 14:58:56,0.6809,0.338,0.449,0.213
CBS,"Today, 53rd #ACMawards host @reba will be answering fan questions when she takes to Facebook Live. Be sure to tune‚Ä¶ https://t.co/vsSjAPFW1Z",2018-04-11 14:07:00,0.5574,0.195,0.805,0.0
CBS,"Country stars @JonPardi, @OfficialJackson, and more to perform ""ACM Flashbacks"" at the 53rd #ACMawards. Learn more‚Ä¶ https://t.co/z2KEo3PVUN",2018-04-11 13:35:30,0.0,0.0,1.0,0.0
CBS,"A superstar like @eltonofficial calls for a spectacular night of unforgettable performances, touching tributes, and‚Ä¶ https://t.co/079TjUD6zh",2018-04-11 06:04:57,0.3612,0.161,0.839,0.0
CNN,"Former FBI Director James Comey on releasing his memos: ""The bottom line is, I see no credible claim by any serious‚Ä¶ https://t.co/eD44iWarw7",2018-04-26 00:30:08,-0.296,0.0,0.901,0.099
CNN,"Former FBI Director James Comey on President Donald Trump: ""I don't believe he's morally fit to be President of the‚Ä¶ https://t.co/qf4D7JD5pF",2018-04-26 00:15:00,0.3612,0.111,0.889,0.0
CNN,"Former FBI Director James Comey: ""I don't believe he's morally fit to be President of the United States""‚Ä¶ https://t.co/owgdcnYthz",2018-04-26 00:12:03,0.6486,0.238,0.762,0.0
CNN,Happening now: Former FBI Director James Comey faces questions from a live audience at a town hall hosted by‚Ä¶ https://t.co/nVO8wh0z4m,2018-04-25 23:59:07,0.0,0.0,1.0,0.0
CNN,"JUST IN: Rudy Giuliani, newly added to President Donald Trump's legal team, met this week with the special counsel‚Ä¶ https://t.co/CqGcBVaL3h",2018-04-25 23:38:14,0.4939,0.189,0.811,0.0
CNN,"Crime writer Michelle McNamara vowed to find the Golden State Killer. Two years after her death, fans credit her wi‚Ä¶ https://t.co/66qKfTNOV5",2018-04-25 23:17:35,-0.8779,0.083,0.543,0.374
CNN,Five African American women say a golf course in Pennsylvania called the cops on them because they were golfing too‚Ä¶ https://t.co/1SX5uNh0Tx,2018-04-25 23:15:04,0.0,0.0,1.0,0.0
CNN,We're with CNN's Anderson Cooper ahead of tonight's 8 p.m. Town Hall with former FBI Director James Comey. Watch on‚Ä¶ https://t.co/42EuRaFlYA,2018-04-25 23:12:38,0.0,0.0,1.0,0.0
CNN,"Fast food sandwich chain Subway expects to close about 500 stores in North America this year.

But it's also hoping‚Ä¶ https://t.co/o6wepl5mDP",2018-04-25 23:06:22,0.0,0.0,1.0,0.0
CNN,President Trump's personal attorney Michael Cohen tells court he will plead the fifth in the Stormy Daniels case‚Ä¶ https://t.co/KFYJFqLuzh,2018-04-25 22:55:45,0.0,0.0,1.0,0.0
CNN,BREAKING: President Trump's personal attorney Michael Cohen tells court he will plead the fifth in the Stormy Danie‚Ä¶ https://t.co/0t0IvnfwUd,2018-04-25 22:48:04,0.0,0.0,1.0,0.0
CNN,The Supreme Court held arguments over President Trump's proclamation restricting travel from several majority-Musli‚Ä¶ https://t.co/z4584la2P9,2018-04-25 22:43:21,-0.1779,0.172,0.574,0.254
CNN,"It just wasn't Bayern Munich's night, but the Champions League magic continues for Real Madrid https://t.co/wSdQKsavs3",2018-04-25 22:32:12,0.6808,0.235,0.765,0.0
CNN,"Watch former FBI Director James Comey in a live town hall hosted by CNN‚Äôs @andersoncooper tonight, 8p ET.‚Ä¶ https://t.co/4oqXfItvY1",2018-04-25 22:28:02,0.0,0.0,1.0,0.0
CNN,Kanye West remained defiant amid mounting backlash from fans over the rapper's positive words about President Donal‚Ä¶ https://t.co/N9vJkm354h,2018-04-25 22:22:35,0.4019,0.167,0.744,0.088
CNN,"RT @CNNSitRoom: Among the most damaging allegations in a document compiled by Senate Democrats: Trump's Veterans Affairs nominee, Dr. Ronny‚Ä¶",2018-04-25 22:19:57,-0.5563,0.0,0.834,0.166
CNN,YouTube Kids is adding new settings to give parents more control over what videos their kids can see‚Ä¶ https://t.co/3scTWEhPby,2018-04-25 22:19:35,0.0,0.0,1.0,0.0
CNN,"After the hugs and kisses, Macron rips Trumpism | Analysis by @StCollinson https://t.co/M9qIWLslJS https://t.co/qbeImKSVMb",2018-04-25 22:15:12,0.7579,0.371,0.629,0.0
CNN,"The friend who once reportedly gave President Donald Trump a Super Bowl ring privately used words like ""divisive"" a‚Ä¶ https://t.co/O3mdAFUEEU",2018-04-25 22:02:39,0.8625,0.375,0.625,0.0
CNN,Snapchat redesigns its app again. Stock plunges. https://t.co/opuCQzUdZG https://t.co/GaFnZPZYOq,2018-04-25 21:56:36,0.0,0.0,1.0,0.0
CNN,"Fox News, accompanied by a flurry of right-wing media organizations, took remarks made by CNN's Jim Acosta out of c‚Ä¶ https://t.co/Igd560COLX",2018-04-25 21:46:51,0.0,0.0,1.0,0.0
CNN,"Rejoice, ""Car Talk"" fans. Tom and Ray Magliozzi -- aka Click and Clack -- will soon be inducted into the Automotive‚Ä¶ https://t.co/IcRRwajqLx",2018-04-25 21:43:57,0.4404,0.121,0.879,0.0
CNN,"RT @TheLeadCNN: Dr. Ronny Jackson denies he wrecked a government car, and says he is staying in the nomination process for head of the Vete‚Ä¶",2018-04-25 21:26:42,-0.4215,0.0,0.891,0.109
CNN,EXCLUSIVE: Some of the spies expelled last month from the US were tracking Russian defectors and their families‚Ä¶ https://t.co/tBubGUUrxQ,2018-04-25 21:26:26,-0.2656,0.099,0.71,0.191
CNN,"The document also includes an allegation that ""on at least one occasion,"" Rear Adm. Ronny Jackson ""could not be rea‚Ä¶ https://t.co/bPuj56J7wG",2018-04-25 21:17:04,0.0,0.0,1.0,0.0
CNN,BREAKING EXCLUSIVE: Some of the spies expelled last month from the US were tracking Russian defectors and their fam‚Ä¶ https://t.co/sbxK8qZzgk,2018-04-25 21:13:06,-0.2656,0.095,0.722,0.183
CNN,"Among the most damaging allegations: Jackson was drunk and ""wrecked a government vehicle"" while at a going-away par‚Ä¶ https://t.co/J79cEjA9bi",2018-04-25 21:05:10,-0.7178,0.0,0.715,0.285
CNN,.@Accenture CEO @JulieSweet has a message for President Trump: Get companies to re-skill and think about the three‚Ä¶ https://t.co/QdrT0eGSYr,2018-04-25 21:01:25,0.0,0.0,1.0,0.0
CNN,BREAKING: A document compiled by the Democrats on the Senate Veterans Affairs Committee lists a range of allegation‚Ä¶ https://t.co/1R4ggHI5Yo,2018-04-25 21:00:04,0.0,0.0,1.0,0.0
CNN,"French President Emmanuel Macron paid a visit to the Martin Luther King Jr. memorial in Washington, DC, accompanied‚Ä¶ https://t.co/jfHgVyt8xB",2018-04-25 20:31:40,0.0,0.0,1.0,0.0
CNN,"A Mount Dora, Florida, family is facing a $100-a-day fine to keep this colorful mural on their home. There's a swee‚Ä¶ https://t.co/n3O4KArvdu",2018-04-25 20:10:54,0.2023,0.091,0.909,0.0
CNN,"General Electric was blasted by workers, retirees and shareholders bemoaning the downfall of the company they love‚Ä¶ https://t.co/fAARRwrAa4",2018-04-25 19:36:02,0.0,0.0,1.0,0.0
CNN,"Now it‚Äôs time for your questions. Hear what former FBI Director James Comey has to say in a live town hall tonight,‚Ä¶ https://t.co/UyYHtJE8k7",2018-04-25 19:28:04,0.0,0.0,1.0,0.0
CNN,"We're in Sacramento, California, where authorities are expected to announce the arrest of a suspect in the decades-‚Ä¶ https://t.co/OhmGMu1HYa",2018-04-25 19:18:22,-0.5574,0.0,0.777,0.223
CNN,"""Dr. (Ronny) Jackson's record as a White House physician has been impeccable,"" WH press secretary Sarah Sanders sai‚Ä¶ https://t.co/6j4zpDaXyg",2018-04-25 19:11:49,0.0,0.0,1.0,0.0
CNN,Hospitals may soon have to post prices for patients online https://t.co/Un6qsULG9z https://t.co/Yfeoqnbo9p,2018-04-25 19:07:03,0.0,0.0,1.0,0.0
CNN,"CNN's Jim Acosta: Are you trying to say that this administration is a champion of free press?
Press secretary Sarah‚Ä¶ https://t.co/U9GC0gNpmo",2018-04-25 18:58:49,0.802,0.286,0.714,0.0
CNN,"In a week of awful news, these three heroes stepped up https://t.co/z1ajdn7AiA https://t.co/AZpNhfwTVa",2018-04-25 18:50:07,0.0772,0.202,0.613,0.184
CNN,"Trump's VA Secretary nominee Ronny Jackson ""has undergone four separate background checks,"" says White House press‚Ä¶ https://t.co/TBOMDY3DEe",2018-04-25 18:40:17,0.0,0.0,1.0,0.0
CNN,How Trump's travel ban motivated some Muslim Americans to run for office https://t.co/MQ8kNNSmPH https://t.co/W605c8bodq,2018-04-25 18:40:05,-0.1531,0.161,0.645,0.194
CNN,The Nashville-area Waffle House where a gunman killed four people over the weekend reopened its doors this morning‚Ä¶ https://t.co/T1rDCVpNV1,2018-04-25 18:30:20,-0.6705,0.0,0.791,0.209
CNN,"Sarah Sanders addresses questions about the vetting process for Trump's VA pick, Ronny Jackson‚Ä¶ https://t.co/94JAJiQOQ0",2018-04-25 18:26:43,0.0,0.0,1.0,0.0
CNN,"White House press secretary Sarah Sanders is holding a briefing.

Watch on CNN: https://t.co/Q7yGNtMtjy

Follow liv‚Ä¶ https://t.co/zXDH4AA7RN",2018-04-25 18:22:32,0.0,0.0,1.0,0.0
CNN,A man was threatening to jump off an overpass so these truckers parked underneath to break his fall‚Ä¶ https://t.co/tvVl84HjQI,2018-04-25 18:20:06,-0.5267,0.0,0.833,0.167
CNN,You can now set your Gmail messages to expire or protect them with a passcode https://t.co/CrTuDpdZt5,2018-04-25 18:10:04,0.3818,0.157,0.843,0.0
CNN,The FDA is re-examining the safety of a medication that was approved despite concerns that not enough was known abo‚Ä¶ https://t.co/UQ6SWsAktP,2018-04-25 18:00:07,0.6808,0.237,0.763,0.0
CNN,Just how big is the Democratic wave going to be this fall? | Analysis by @CillizzaCNN https://t.co/AgH7lzL5uS https://t.co/weJkHyvq1c,2018-04-25 17:50:05,0.0,0.0,1.0,0.0
CNN,"Former President George H.W. Bush is doing much better, a source close to the Bush family says, days after the 41st‚Ä¶ https://t.co/DxYG0mpzpb",2018-04-25 17:40:08,0.4404,0.127,0.873,0.0
CNN,The Supreme Court has released audio of oral arguments in the challenge of the Trump administration's travel ban:‚Ä¶ https://t.co/2D1HoTS0pF,2018-04-25 17:30:06,0.296,0.208,0.678,0.114
CNN,"Hank Azaria says his ""eyes have been opened"" and he's willing to ""step aside"" from playing his controversial ""Simps‚Ä¶ https://t.co/FScHNbqHI4",2018-04-25 17:21:06,0.0,0.083,0.833,0.083
CNN,A person believed to be the so-called Golden State Killer wanted in a series of homicides and rapes going back deca‚Ä¶ https://t.co/s0nXrAXjGW,2018-04-25 17:14:32,-0.8689,0.0,0.672,0.328
CNN,Nickelodeon is bringing back 'Double Dare' https://t.co/DVCe7PWEBC https://t.co/c4K4nemQ6t,2018-04-25 17:00:07,0.0,0.0,1.0,0.0
CNN,"After a series of high-profile clashes with President Trump, former FBI Director James Comey will answer questions‚Ä¶ https://t.co/VgBSKcSQkl",2018-04-25 16:58:10,0.0,0.0,1.0,0.0
CNN,"Dallas police officer Rogelio Santander died this morning, a day after he was shot at a Home Depot, according to po‚Ä¶ https://t.co/cN2xVuVy3N",2018-04-25 16:50:06,-0.5574,0.0,0.841,0.159
CNN,Amazon has launched a new service in 37 US cities that delivers packages to the trunk of your car‚Ä¶ https://t.co/sjyJyc2rMg,2018-04-25 16:50:00,0.296,0.158,0.842,0.0
CNN,"A new study suggests the atmosphere on the planet Uranus is composed of hydrogen sulfide, the same molecule that ma‚Ä¶ https://t.co/tJhwuXdzDi",2018-04-25 16:40:00,0.0,0.0,1.0,0.0
CNN,"In a week of awful news, these three heroes stepped up https://t.co/IRmO4czPGd https://t.co/AnmqqmL8bA",2018-04-25 16:30:15,0.0772,0.202,0.613,0.184
CNN,The Nashville-area Waffle House where a gunman killed four people over the weekend reopened its doors this morning‚Ä¶ https://t.co/97wOaXpdfK,2018-04-25 16:20:07,-0.6705,0.0,0.791,0.209
CNN,"""My parents came here in search of the American dream... I got into public service to protect that"": More than 90 M‚Ä¶ https://t.co/IIf8anSwm0",2018-04-25 16:10:03,0.3818,0.11,0.89,0.0
CNN,The next wave of teacher walkouts and demonstrations is about to begin. Here's where dissatisfied teachers are taki‚Ä¶ https://t.co/lYYGerHvx7,2018-04-25 16:00:12,-0.5106,0.0,0.798,0.202
CNN,"More than 150 severe bleeding cases, four fatal, have been tied to synthetic cannabinoids use.

Synthetic cannabino‚Ä¶ https://t.co/1OHsldQWH7",2018-04-25 15:50:04,-0.7479,0.0,0.715,0.285
CNN,"French President Emmanuel Macron, addressing a joint session of Congress: ‚ÄúWe have to work together‚Ä¶ let us work to‚Ä¶ https://t.co/Gkwlm6sJPi",2018-04-25 15:39:12,0.0,0.0,1.0,0.0
CNN,Mark Zuckerberg survived 10 hours of grilling by nearly 100 members of Congress. Now he must face Wall Street‚Ä¶ https://t.co/QY0y1Cu1Hj,2018-04-25 15:30:13,0.5106,0.148,0.852,0.0
CNN,"Five national news organizations, including CNN, are asking a federal court to unseal records from the criminal cas‚Ä¶ https://t.co/V7dW7EiLNg",2018-04-25 15:20:11,-0.5267,0.0,0.833,0.167
CNN,"Disney World is hiring 3,500 people ahead of its busy summer season https://t.co/Aru3Hv0XJ9 https://t.co/5bLnWiAfHb",2018-04-25 15:11:13,0.0,0.0,1.0,0.0
CNN,Mick Mulvaney just said the swampiest thing ever | Analysis by @CillizzaCNN https://t.co/JqvghB9kU7 https://t.co/7Uf3jCdvVp,2018-04-25 15:10:03,0.0,0.0,1.0,0.0
CNN,"Despite all the kisses and handshakes, the Trump-Macron bromance isn't impressing the French https://t.co/QSVdjd0fvh https://t.co/ZalbjmxfuD",2018-04-25 15:00:14,-0.6759,0.0,0.701,0.299
CNN,French President Emmanuel Macron is addressing a joint meeting of Congress following two days of talks with Preside‚Ä¶ https://t.co/fKefejqUR2,2018-04-25 14:56:48,0.0,0.0,1.0,0.0
CNN,It's a great time to jump into the job market. New hires are getting paid 5% more than they were a year ago‚Ä¶ https://t.co/jG3kjIWu7K,2018-04-25 14:50:07,0.6249,0.163,0.837,0.0
CNN,"""My parents came here in search of the American dream... I got into public service to protect that"": More than 90 M‚Ä¶ https://t.co/KzzWF7EqrH",2018-04-25 14:40:06,0.3818,0.11,0.89,0.0
CNN,Hospitals may soon have to post prices for patients online https://t.co/sT4iOlyYsm https://t.co/yy1IFXxN0K,2018-04-25 14:30:05,0.0,0.0,1.0,0.0
CNN,The Supreme Court is poised to hear arguments on the legality of a third version of Trump's original travel ban and‚Ä¶ https://t.co/VBTbSEmZP3,2018-04-25 14:20:09,0.1531,0.262,0.53,0.209
CNN,"Under 16? Sorry, you're now banned from WhatsApp in Europe https://t.co/H99Dun4jqw https://t.co/t6sQ2PzMZE",2018-04-25 14:10:06,-0.5106,0.0,0.699,0.301
CNN,A man was threatening to jump off an overpass so these truckers parked underneath to break his fall‚Ä¶ https://t.co/5GAJdLjMUk,2018-04-25 14:03:58,-0.5267,0.0,0.833,0.167
CNN,An Indian court has sentenced self-proclaimed Indian spiritual guru Asaram Bapu to life imprisonment for raping a 1‚Ä¶ https://t.co/rXttfrFU6t,2018-04-25 13:53:40,-0.7096,0.0,0.731,0.269
CNN,"For one moment, Trump sounded like he just wanted to walk away from it all | Analysis by @zbyronwolf¬†‚Ä¶ https://t.co/nl48So3fCT",2018-04-25 13:43:11,0.3612,0.122,0.878,0.0
CNN,"RT @CNNnewsroom: Sen. John Tester on VA nominee Ronny Jackson: ""The reports that we have heard is that he treated the people above him very‚Ä¶",2018-04-25 13:39:36,0.0,0.0,1.0,0.0
CNN,Two Dallas police officers and a civilian shot at a Home Depot are fighting for their lives https://t.co/lWFekqNqZv,2018-04-25 13:30:04,-0.3612,0.0,0.857,0.143
CNN,"In a week of awful news, these three heroes stepped up https://t.co/ZYZMbpWCUo https://t.co/PfGyPTvcc7",2018-04-25 13:20:13,0.0772,0.202,0.613,0.184
CNN,Get ready for the world's longest nonstop flight: Almost 20 hours https://t.co/SfRnTYNfO4 https://t.co/3O6pGeH8Fe,2018-04-25 13:10:05,0.3612,0.172,0.828,0.0
CNN,Trump keeps saying the US has spent $7 trillion in the Middle East | Analysis by @zbyronwolf https://t.co/c05Q3Dl7Qy https://t.co/mLpCDB5vpb,2018-04-25 13:00:15,0.0,0.0,1.0,0.0
CNN,Twitter posted its second consecutive profitable quarter ‚Äî and it's adding users https://t.co/Nqbdt9nRmU https://t.co/UT3IekO1Ko,2018-04-25 12:50:06,0.4404,0.195,0.805,0.0
CNN,Melania Trump masters the moment https://t.co/gQz9CrgNRN https://t.co/IQJiKtLzZm,2018-04-25 12:40:08,0.0,0.0,1.0,0.0
CNN,It all started with a phone¬†call. CEO¬†@JulieSweet tells @PoppyHarlowCNN why she took a risk and left her job as par‚Ä¶ https://t.co/BfoIjRj9OV,2018-04-25 12:30:07,-0.2732,0.0,0.905,0.095
CNN,The big legal issue buried in the travel ban case https://t.co/DcCfTXQrt5 https://t.co/GnOcPkmXGn,2018-04-25 12:20:00,-0.4767,0.099,0.662,0.238
CNN,"""My parents came here in search of the American dream... I got into public service to protect that"": More than 90 M‚Ä¶ https://t.co/QyOxCCeVR8",2018-04-25 12:10:07,0.3818,0.11,0.89,0.0
CNN,Stocks are set to fall for the sixth straight day https://t.co/IsWMuuT9cu https://t.co/XovmWIixRR,2018-04-25 12:00:05,0.2263,0.147,0.853,0.0
CNN,Hospitals may soon have to post prices for patients online https://t.co/rZLKQdXNDQ https://t.co/SzeyzyRG4i,2018-04-25 11:50:15,0.0,0.0,1.0,0.0
CNN,Why James Comey is not done with Donald Trump | Analysis by @StCollinson https://t.co/TwOWbOnqXu https://t.co/cwCxfgKTOI,2018-04-25 11:40:07,0.0,0.0,1.0,0.0
CNN,The man accused of killing four people at a Nashville-area Waffle House erased his laptop's hard drive weeks before‚Ä¶ https://t.co/IsuHT9qK8m,2018-04-25 11:34:28,-0.7906,0.0,0.667,0.333
CNN,The Supreme Court is poised to hear arguments on the legality of a third version of Trump's original travel ban and‚Ä¶ https://t.co/M5T3afGtOh,2018-04-25 11:20:04,0.1531,0.262,0.53,0.209
CNN,"Meet the new Gmail, now with disappearing messages https://t.co/f1E4mYXk0u https://t.co/eIoWWTNooq",2018-04-25 11:10:05,0.0,0.0,1.0,0.0
CNN,"RT @NewDay: Trump's travel ban heads to the Supreme Court today. @LauraAJarrett says, ""The big question is: Do they hand Trump a victory th‚Ä¶",2018-04-25 11:03:59,0.4939,0.224,0.658,0.118
CNN,"5 things for Wednesday:

- White House
- Ronny Jackson
- Immigration
- Toronto van attack
- Yemen‚Ä¶ https://t.co/HxVqNxi5Zu",2018-04-25 11:00:05,-0.4767,0.0,0.795,0.205
CNN,A man was threatening to jump off an overpass so these truckers parked underneath to break his fall‚Ä¶ https://t.co/W4hZcHcAuq,2018-04-25 10:50:03,-0.5267,0.0,0.833,0.167
CNN,"During an overseas trip in 2015, Rear Adm. Ronny Jackson, the White House physician, was intoxicated and banged on‚Ä¶ https://t.co/aWwsSkiEr8",2018-04-25 10:40:06,0.0,0.0,1.0,0.0
CNN,An Indian court has sentenced self-proclaimed Indian spiritual guru Asaram Bapu to life imprisonment for raping a 1‚Ä¶ https://t.co/IF9VMjWog0,2018-04-25 10:31:31,-0.7096,0.0,0.731,0.269
CNN,"In a week of awful news, these three heroes stepped up https://t.co/ci4xWmAMXC https://t.co/iOZRwvm5x3",2018-04-25 10:17:04,0.0772,0.202,0.613,0.184
CNN,Toronto police are still trying to determine whether the van attack suspect's frustrations with women contributed t‚Ä¶ https://t.co/5AA9W9chzj,2018-04-25 10:10:25,-0.7269,0.0,0.724,0.276
CNN,Get ready for the world's longest nonstop flight: Almost 20 hours https://t.co/YIIVlBmQoz https://t.co/qfDQFAu1D3,2018-04-25 10:00:06,0.3612,0.172,0.828,0.0
FoxNews,A good Samaritan's quick thinking thwarted an attempted robbery at a butcher shop in Mexico. https://t.co/gfKgEYILvJ https://t.co/cJXzzI4vmd,2018-04-26 00:28:13,0.4215,0.171,0.765,0.065
FoxNews,EXCLUSIVE: @POTUS will join @foxandfriends Thursday morning. Tune in to Fox News Channel at 8a ET for this must-see‚Ä¶ https://t.co/MILkrCnT6h,2018-04-26 00:27:34,0.5319,0.198,0.802,0.0
FoxNews,Patton Oswalt shares pride for late wife Michelle McNamara for her role in the capture of Golden State Killer https://t.co/nqttP4T03s,2018-04-26 00:24:58,-0.1779,0.178,0.656,0.166
FoxNews,"Jason Whitlock on @kanyewest's pro-Trump tweets: ""I think he's probably trying to inspire African-Americans to have‚Ä¶ https://t.co/3AuO8Ew88Y",2018-04-26 00:21:08,0.5719,0.188,0.812,0.0
FoxNews,"Michael Cohen, @realDonaldTrump's personal attorney, is expected to plead the Fifth in Stormy Daniels lawsuit‚Ä¶ https://t.co/7ZVUzjRa4Y",2018-04-26 00:15:46,0.0,0.0,1.0,0.0
FoxNews,Judge rules New York City bar can refuse service to #Trump supporter wearing #MAGA hat https://t.co/XUaTVcqrba,2018-04-26 00:09:53,-0.0258,0.115,0.765,0.12
FoxNews,"During a Twitter storm Wednesday, rapper @kanyewest called out @BarackObama amid several pro-@realDonaldTrump tweet‚Ä¶ https://t.co/xtukAurpvU",2018-04-26 00:04:31,0.0,0.0,1.0,0.0
FoxNews,"Democrat @ChrisCoons shares a touching story of how GOP @SenatorRounds helped him after his father passed away, ins‚Ä¶ https://t.co/6tGYWaaOrv",2018-04-25 23:59:04,0.296,0.115,0.885,0.0
FoxNews,".@ChrisCoons on changing his committee vote on Pompeo: ""I was grateful to have the chance on Monday to make a small‚Ä¶ https://t.co/iIapjMOzTi",2018-04-25 23:47:34,0.6124,0.208,0.792,0.0
FoxNews,".@HillaryClinton's email list, voter data, campaign software costing Democrats millions, report says https://t.co/3bfdKLhRHG",2018-04-25 23:43:39,0.0,0.0,1.0,0.0
FoxNews,".@SenateMajLdr: ""I would say to all of our Republican supporters across the country: we need to be turning out in b‚Ä¶ https://t.co/EJC7vHj10N",2018-04-25 23:41:22,0.4404,0.121,0.879,0.0
FoxNews,".@SenateMajLdr on confirmation delays: ""The president has a very legitimate complaint. I've had to file cloture...8‚Ä¶ https://t.co/PZaJiRlBXv",2018-04-25 23:35:02,-0.3566,0.0,0.858,0.142
FoxNews,"RT @MikeEmanuelFox: Macron takes pitch for Iran nuclear deal to Congress - from #SpecialReport tonight:

https://t.co/0xNym6zOaV",2018-04-25 23:28:37,0.0,0.0,1.0,0.0
FoxNews,".@SenateMajLdr on Pompeo nomination for Secretary of State: ""We'll be confirming him tomorrow and there are now fiv‚Ä¶ https://t.co/8nTwa0QyeU",2018-04-25 23:27:02,0.0,0.0,1.0,0.0
FoxNews,"Maine officer shot and killed by suspect who stole his car, robbed store https://t.co/V6dg36z6T6",2018-04-25 23:09:53,-0.7717,0.0,0.642,0.358
FoxNews,"Charles Hurt on 2018 midterms: ""Without any doubt, there's an enthusiasm on the Democratic side that we've not seen‚Ä¶ https://t.co/utnCoFHa3t",2018-04-25 23:05:01,0.1556,0.197,0.669,0.134
FoxNews,".@MoElleithee on 2018 midterms: ""In every special election since @realDonaldTrump took office, Democrats have beat‚Ä¶ https://t.co/G1Z21jarpW",2018-04-25 22:58:11,0.4019,0.153,0.847,0.0
FoxNews,"Charles Hurt on Ronny Jackson: ""If [any] of these allegations are true, it actually sort of reflects more poorly [o‚Ä¶ https://t.co/mXAZURw35Z",2018-04-25 22:51:45,-0.1531,0.111,0.754,0.135
FoxNews,Rudy Giuliani takes over talks with Mueller on possible Trump interview https://t.co/IyO2O3ifUE,2018-04-25 22:45:08,0.0,0.0,1.0,0.0
FoxNews,"SAY CHEESE: Diners in Baltimore didn't order grilled cheese for dessert, but that's what they got when their flamin‚Ä¶ https://t.co/8sBO4s9qqy",2018-04-25 22:38:29,0.0,0.0,1.0,0.0
FoxNews,"Former President George H.W. Bush out of intensive care, and docs are said to be pleased. #SpecialReport‚Ä¶ https://t.co/D25PpglLgz",2018-04-25 22:32:36,0.7269,0.276,0.724,0.0
FoxNews,.@ChelseaClinton slams NY Times reporter over book details on former first daughter's hair https://t.co/GxSysTyuTR,2018-04-25 22:27:18,0.0,0.0,1.0,0.0
FoxNews,.@realDonaldTrump warns Iran on nuclear program as @EmmanuelMacron aims to preserve pact. @MikeEmanuelFox has the s‚Ä¶ https://t.co/iSzjGT4BKH,2018-04-25 22:17:23,-0.1027,0.0,0.92,0.08
FoxNews,Fox News Poll: President @realDonaldTrump's approval at 44 percent https://t.co/y7BGolP8PB #SpecialReport https://t.co/XB61KZrxIW,2018-04-25 22:08:20,0.4767,0.22,0.78,0.0
FoxNews,"Fox News Poll: Mueller likely to find Trump offenses, Trump likely to fire him https://t.co/mjzp8ikLJW",2018-04-25 22:01:41,-0.5994,0.0,0.726,0.274
FoxNews,Fox News Poll: Majority approves of airstrikes to punish Syria https://t.co/TEVPYKyT2E,2018-04-25 22:01:07,-0.1779,0.179,0.596,0.225
FoxNews,THURSDAY: Don't miss @BretBaier's interview with former FBI Director James @Comey on #SpecialReport at 6p ET.‚Ä¶ https://t.co/1cQSiQFG0G,2018-04-25 22:00:01,0.1139,0.083,0.917,0.0
FoxNews,".@VP Pence speaks at an America First Policies ‚ÄúTax Cuts to Put America First‚Äù event in Milwaukee, Wisconsin.  https://t.co/J79CeauLHB",2018-04-25 21:37:34,-0.296,0.0,0.891,0.109
FoxNews,Golden State Killer suspect arrested in California https://t.co/IYMoCkcKAO,2018-04-25 21:37:23,-0.8625,0.0,0.342,0.658
FoxNews,".@JesseBWatters: ""There have been people from some of these countries that have done harm to Americans - the guy on‚Ä¶ https://t.co/vv05NDFQn3",2018-04-25 21:22:29,-0.5423,0.0,0.844,0.156
FoxNews,"Justice Alito: ""It does not look at all like a 'Muslim ban.' There are other justifications that jump out as to why‚Ä¶ https://t.co/E9TxPO7cuA",2018-04-25 21:19:55,0.7096,0.228,0.772,0.0
FoxNews,".@JesseBWatters: ""It's less about @realDonaldTrump and more about the @RealCandaceO thing - [@kanyewest's] celebrat‚Ä¶ https://t.co/5SySXPYjR1",2018-04-25 21:13:36,0.0,0.0,1.0,0.0
FoxNews,RT @FoxBusiness: NCAA basketball corruption: Condoleezza Rice-led panel outlines reforms https://t.co/ouwDhv0JuA,2018-04-25 21:13:14,0.0,0.0,1.0,0.0
FoxNews,RT @FoxBusiness: .@SBALinda said Wednesday the jury is still out on Amazon‚Äôs effect on small business: ‚ÄúI think it‚Äôs still a mix. We are in‚Ä¶,2018-04-25 21:13:11,0.0,0.0,1.0,0.0
FoxNews,".@JesseBWatters on Kanye/Trump: ""I think you can't underestimate what's going on here culturally and politically.""‚Ä¶ https://t.co/u0Z8JyoICl",2018-04-25 21:11:02,0.2235,0.112,0.888,0.0
FoxNews,.@kimguilfoyle breaks down today's @kanyewest/@realDonaldTrump saga. https://t.co/Jp844alydI https://t.co/WCTdXawfSy,2018-04-25 21:06:49,0.0,0.0,1.0,0.0
FoxNews,Joy Reid's crisis deepens as expert hired to fight gay slur scandal forced to deny being a neo-Nazi sympathizer https://t.co/cGNK83i5Gs,2018-04-25 21:01:39,-0.8807,0.119,0.409,0.472
FoxNews,It's time for #TheFive! https://t.co/dxsOUq3qZd,2018-04-25 21:01:12,0.0,0.0,1.0,0.0
FoxNews,"""Customer needs assistance in sporting goods please? I'm the customer.‚Äù@Walmart customer in Kentucky uses store int‚Ä¶ https://t.co/r2BmadQH1J",2018-04-25 21:01:01,0.3182,0.126,0.874,0.0
FoxNews,".@AmbJohnBolton says National Security Council staff changes are coming, and some employees aren't happy https://t.co/SG1oHYf4yd",2018-04-25 20:53:29,-0.1526,0.13,0.707,0.163
FoxNews,"Sessions stays mum on Rosenstein speculation, Cohen probe at Senate hearing - via @brookefoxnews 
https://t.co/OBCJxwt3zL",2018-04-25 20:52:58,0.0,0.0,1.0,0.0
FoxNews,.@KimKardashian West defended her husband @kanyewest amidst a storm of criticism that erupted after he professed hi‚Ä¶ https://t.co/4K5CibTJGv,2018-04-25 20:26:44,-0.4404,0.0,0.847,0.153
FoxNews,"Former President @GeorgeHWBush out of intensive care, and docs are said to be pleased https://t.co/26ue3j2hqa",2018-04-25 20:25:27,0.7269,0.319,0.681,0.0
FoxNews,".@SenJohnKennedy on @EmmanuelMacron: ""I'm not saying that you don't try to reason with your adversaries as Presiden‚Ä¶ https://t.co/rQWVDZH59w",2018-04-25 20:22:24,-0.25,0.0,0.895,0.105
FoxNews,".@SenJohnKennedy on @EmmanuelMacron: ""Like @POTUS, he ran against the system, started with nothing, established his‚Ä¶ https://t.co/2wxyIoGdpT",2018-04-25 20:20:11,0.3612,0.143,0.857,0.0
FoxNews,10-year yield breaks through three percent. @TeamCavuto https://t.co/RHqh4XpQED,2018-04-25 20:16:01,0.0,0.0,1.0,0.0
FoxNews,10-year treasury yield. @TeamCavuto https://t.co/9RCGmiqyIm,2018-04-25 20:15:33,0.2023,0.31,0.69,0.0
FoxNews,"Michael Starr Hopkins on 2018 midterms: ""If you look at all the special elections that have been held since‚Ä¶ https://t.co/ePh9fWF5h5",2018-04-25 20:13:26,0.4019,0.124,0.876,0.0
FoxNews,".@conservmillen on Arizona special election: ""It's important to look at what these Democrats are running on that ar‚Ä¶ https://t.co/7kCxmOumYv",2018-04-25 20:09:02,0.5423,0.209,0.791,0.0
FoxNews,"Minutes ago, Kanye West tweeted a picture of his signed MAGA hat, as well as a photo of himself wearing it.‚Ä¶ https://t.co/kfYqaSzEHo",2018-04-25 20:08:16,0.2732,0.1,0.9,0.0
FoxNews,.@Rafa_Jdoc: @kanyewest tweets right -- What happens when a hip hop icon takes the red pill and dares to challenge‚Ä¶ https://t.co/rq90iR8z0E,2018-04-25 20:05:03,0.0,0.0,1.0,0.0
FoxNews,"Scott Pruitt's time as EPA administrator dogged by questions about first-class travel, pay raises https://t.co/MA2D6zFWSW",2018-04-25 20:01:29,-0.1027,0.0,0.909,0.091
FoxNews,"Moments ago, President @realDonaldTrump responded to music icon @kanyewest, who today said that he loves the presid‚Ä¶ https://t.co/vMQWHFb49D",2018-04-25 19:50:14,0.5719,0.179,0.821,0.0
FoxNews,"Earlier, @VP tweeted his praise for French President @EmmanuelMacron and the bond between the U.S. and France.‚Ä¶ https://t.co/xhHijwPmAH",2018-04-25 19:45:43,0.5574,0.175,0.825,0.0
FoxNews,"Bill Clinton 'casually encouraged' Trump to run for president before 2016 race: book - via @brookefoxnews 
https://t.co/aog2Jay3rr",2018-04-25 19:41:05,0.4939,0.231,0.769,0.0
FoxNews,"‚ÄúThis really is the most prolific unsolved serial murder case in modern history.‚Äù 

Trace Gallagher reports on the‚Ä¶ https://t.co/TBR0lVBs2Q",2018-04-25 19:39:42,-0.6908,0.0,0.793,0.207
FoxNews,"RT @FoxBusiness: Amazon, Google trading suspended on NYSE, proceeding elsewhere https://t.co/YGD29oeh3x",2018-04-25 19:26:25,-0.34,0.123,0.652,0.225
FoxNews,Fmr. President @GeorgeHWBush's office released a statement today that says he has been moved out of the ICU. Doctor‚Ä¶ https://t.co/040EJH9ult,2018-04-25 19:23:49,0.0,0.0,1.0,0.0
FoxNews,"Las Vegas shooting survivors engaged, expected to wed this summer https://t.co/NvfFZgCayu",2018-04-25 19:11:53,0.4019,0.213,0.787,0.0
FoxNews,Former President George H.W. Bush has been moved out of the ICU and is improving after being admitted for an infect‚Ä¶ https://t.co/zyLfSVv6I9,2018-04-25 19:02:05,0.4939,0.174,0.826,0.0
FoxNews,Today the U.S. Supreme Court heard arguments over the Trump administration travel ban. @ShannonBream is outside the‚Ä¶ https://t.co/u8off7I8UO,2018-04-25 18:55:28,-0.4019,0.145,0.602,0.253
FoxNews,".@PressSec: ""The focus of this travel ban has been on safety and security."" https://t.co/duYSVhN8BN",2018-04-25 18:44:59,-0.2023,0.152,0.652,0.196
FoxNews,RT @FoxBusiness: Trump's travel ban sees support from Supreme Court's conservative majority https://t.co/WCuq3zIqRr https://t.co/yzRbWnCgLY,2018-04-25 18:42:21,0.4019,0.301,0.526,0.172
FoxNews,RT @FoxBusiness: Sen. Bernie Sanders pushes plan to guarantee every American a job https://t.co/AFh3O0xh6P https://t.co/qBTHNZBprA,2018-04-25 18:42:15,0.25,0.133,0.867,0.0
FoxNews,"RT @FoxBusiness: .@Judgenap: ""This is a vote on whether or not the Constitution permits the @POTUS on the basis of info made known to him b‚Ä¶",2018-04-25 18:42:08,0.0,0.0,1.0,0.0
FoxNews,".@PressSec on a federal judge ordering the White House to continue DACA: ""This ruling is good news for smuggling or‚Ä¶ https://t.co/TPLwbCRjvv",2018-04-25 18:36:17,-0.0516,0.121,0.75,0.129
FoxNews,".@PressSec on North Korea negotiations: ""We think that the maximum pressure campaign is working, but again we're no‚Ä¶ https://t.co/Ac1RfW6Wlc",2018-04-25 18:31:51,-0.1531,0.0,0.918,0.082
FoxNews,".@PressSec to @JohnRobertsFox on allegations facing the VA Secretary nominee: ""Dr. Jackson's record as a White Hous‚Ä¶ https://t.co/nTrVp2j9e2",2018-04-25 18:26:08,0.0,0.0,1.0,0.0
FoxNews,"RT @BretBaier: Attention all @FoxNews fans in #WestVirginia-- @marthamaccallum &amp; I will host a debate in Morgantown Tuesday, May 1st on #Fo‚Ä¶",2018-04-25 18:24:35,0.0,0.0,1.0,0.0
FoxNews,.@PressSec Sarah Sanders holds a briefing at the @WhiteHouse https://t.co/YfWLvYYpR5,2018-04-25 18:19:59,0.0,0.0,1.0,0.0
FoxNews,".@SenBobCorker on the Iran deal: ""I've long thought unless something changes, [@POTUS] will pull out."" https://t.co/Xnd1Gw5Dhp",2018-04-25 18:11:34,0.0,0.0,1.0,0.0
FoxNews,2-year-old motorist uses McDonald's drive-thru and Ronald ain't lovin' it https://t.co/y71qh5vX5K,2018-04-25 18:09:34,0.0,0.0,1.0,0.0
FoxNews,"Love triangle ends in murder-suicide with 'blood everywhere' as disguised wife guns down mistress, cops say https://t.co/TCRuJz18rc",2018-04-25 17:54:58,0.4767,0.197,0.704,0.099
FoxNews,"Morgan Freeman's step-granddaughter spoke about 'grandpa feelings' before her murder, text messages reveal https://t.co/5CNpYodKtb",2018-04-25 17:45:07,-0.6908,0.0,0.734,0.266
FoxNews,".@SenatorCardin: ""I opposed the Iran Deal, but I think it would be a mistake for the United States to unilaterally‚Ä¶ https://t.co/x6RiQetFrA",2018-04-25 17:32:16,0.1531,0.155,0.714,0.13
FoxNews,Ronan Farrow says Hillary Clinton almost bailed on scheduled interview over his Harvey Weinstein reporting https://t.co/VRQ9PKT8Y7,2018-04-25 17:27:39,0.0,0.0,1.0,0.0
FoxNews,"Golden State Killer suspect arrested in California, reports say (via @RyanGaydos) https://t.co/IYMoCkcKAO",2018-04-25 17:21:53,-0.8625,0.0,0.484,0.516
FoxNews,".@RepMikeCoffman: ""If [Ronny Jackson's] not going to be tough in cleaning house, he will fail in this job.""‚Ä¶ https://t.co/XSMqOXz679",2018-04-25 17:20:53,-0.6124,0.0,0.773,0.227
FoxNews,Government's war on pizza? Looming ObamaCare menu rule has restaurant owners worried https://t.co/21i2aIlVbm,2018-04-25 17:06:53,-0.765,0.0,0.568,0.432
FoxNews,"MUST SEE: Tune in to @BretBaier's interview with former FBI Director James @Comey, Thursday at 6p ET on Fox News Ch‚Ä¶ https://t.co/XdTnldazhO",2018-04-25 17:00:00,0.0,0.0,1.0,0.0
FoxNews,Truckers line up under Michigan overpass to save suicidal man who threatened to jump (via @travfed)  https://t.co/0NRG8jP9gX,2018-04-25 16:55:00,-0.6486,0.13,0.567,0.304
FoxNews,"Moments ago, in a tweet-storm assailing ""traditional thinkers"" and praising ""free thinkers,"" music icon @kanyewest‚Ä¶ https://t.co/A2Kt6selNG",2018-04-25 16:46:42,0.7783,0.343,0.657,0.0
FoxNews,Florida fisherman catches 120-pound ‚Äògranddaddy of all catfish' (via @MaddieFarberUDK)   https://t.co/1gynS39UJ8,2018-04-25 16:44:00,0.0,0.0,1.0,0.0
FoxNews,"Marie Harf: ""Republicans are having to spend money in places that they shouldn't have to."" #Outnumbered https://t.co/Mph5dD4NJ7",2018-04-25 16:37:04,0.0,0.0,1.0,0.0
FoxNews,".@MelissaAFrancis: ""There is a lot of energy on both sides. Everybody is fired up."" #Outnumbered https://t.co/LWiiXAqmCx",2018-04-25 16:30:10,-0.3612,0.112,0.695,0.193
FoxNews,Customer in cowboy hat helps thwart armed robbery at Monterrey butcher shop (via @luciasuarezsang)  https://t.co/siA4vwuo0r,2018-04-25 16:30:02,0.3818,0.157,0.843,0.0
FoxNews,".@MelissaAFrancis: ""We've made no headway on the VA... These are service-men and women who deserve the best care.""‚Ä¶ https://t.co/pnDJV3cGbU",2018-04-25 16:24:08,0.4588,0.179,0.726,0.094
FoxNews,"Under Macron, France nudges out Britain as Trump's favored ally (via @AdamShawNY)  https://t.co/Mn314eKiTg",2018-04-25 16:16:00,0.4215,0.189,0.811,0.0
FoxNews,".@Judgenap: ""The government says that Congress has given @POTUS the ability to suspend immigration from any country‚Ä¶ https://t.co/AsW88SwVhQ",2018-04-25 16:09:47,0.0,0.112,0.777,0.112
FoxNews,Supreme Court hears arguments on @POTUS's travel ban; @ShannonBream reports. https://t.co/4jDoKYg2hU,2018-04-25 16:03:07,-0.4019,0.201,0.447,0.352
FoxNews,"Moments ago, former President @GeorgeHWBush tweeted a thanks to those who helped facilitate his late wife's funeral. https://t.co/dudjDmiDUG",2018-04-25 15:59:29,0.1027,0.142,0.735,0.123
FoxNews,"Maine officer shot and killed by suspect who stole his car, robbed store (via @travfed)  https://t.co/x7iDKJ6Hga",2018-04-25 15:47:39,-0.7717,0.0,0.676,0.324
FoxNews,Video shows ex-Clinton aide in profanity-laced confrontation with cops https://t.co/g6gorhmYAM,2018-04-25 15:44:51,-0.3182,0.0,0.796,0.204
FoxNews,".@EmmanuelMacron: ""Long live the friendship between France and the United States of America!"" https://t.co/UceG3bsTTW",2018-04-25 15:40:44,0.7177,0.333,0.667,0.0
FoxNews,".@EmmanuelMacron: ""What we cherish is at stake. What we love is in danger. We have no choice but to prevail and tog‚Ä¶ https://t.co/PbPCOnFs4T",2018-04-25 15:40:07,0.1531,0.162,0.699,0.14
FoxNews,".@EmmanuelMacron: ""Better than anyone, our troops, I think, know what the alliance and friendship between our count‚Ä¶ https://t.co/nyDyvGKXHG",2018-04-25 15:37:51,0.7003,0.279,0.721,0.0
FoxNews,".@EmmanuelMacron: ""The United States and France together with the United Kingdom acted to destroy chemical faciliti‚Ä¶ https://t.co/VxAePI2jLl",2018-04-25 15:36:06,0.2732,0.242,0.606,0.152
FoxNews,".@EmmanuelMacron: ""France will not leave the JCPOA, because we signed it."" https://t.co/Jxmjk3NnoU",2018-04-25 15:33:28,0.0382,0.095,0.905,0.0
FoxNews,".@EmmanuelMacron: ""Iran shall never possess any nuclear weapons. Not now. Not in 5 years. Not in 10 years. Never."" https://t.co/scFSz3pTTQ",2018-04-25 15:30:46,-0.4404,0.0,0.861,0.139
FoxNews,It's the interview America's been waiting for -- Former FBI Director James @Comey sits down with @BretBaier on Fox‚Ä¶ https://t.co/5bZjIwXpLD,2018-04-25 15:30:01,0.0,0.0,1.0,0.0
nytimes,"Here‚Äôs a deeper look at Devin Nunes, the Trump ally who harbors an intense distrust of the intelligence apparatus h‚Ä¶ https://t.co/gmqB9CV7Vd",2018-04-26 00:32:02,0.1531,0.182,0.702,0.116
nytimes,"‚ÄúSleep better tonight, he isn‚Äôt coming in through the window. He‚Äôs now in jail, and he‚Äôs history,"" said Bruce Harri‚Ä¶ https://t.co/RdMO9BNkI1",2018-04-26 00:17:00,0.4404,0.127,0.873,0.0
nytimes,"11 great titles expiring from Netflix in May
https://t.co/Oc6mX8gc7V",2018-04-26 00:02:04,0.6249,0.339,0.661,0.0
nytimes,"RT @gettleman: The charge sheet reads like a script from a horror film. Chilling details from the scene of the crime, where little girl was‚Ä¶",2018-04-25 23:56:02,-0.7003,0.084,0.638,0.279
nytimes,"Michael Cohen, President Trump's personal lawyer, will invoke the Fifth Amendment in a lawsuit filed by Stormy Dani‚Ä¶ https://t.co/ONsARD1Uhl",2018-04-25 23:44:05,-0.2263,0.0,0.899,0.101
nytimes,One NYT reader's reaction to the opening of a museum dedicated to the victims of American white supremacy in Montgo‚Ä¶ https://t.co/ejYnZWomt3,2018-04-25 23:34:20,0.2263,0.179,0.723,0.098
nytimes,"The suspect, Joseph James DeAngelo, who has adult children, was twice employed as a police officer in California: I‚Ä¶ https://t.co/OwYc2BvTkf",2018-04-25 23:17:00,-0.296,0.0,0.891,0.109
nytimes,Evening Briefing: Here's what you need to know at the end of the day https://t.co/jcREl5ZLXF,2018-04-25 23:02:05,0.0,0.0,1.0,0.0
nytimes,Totally herbaceous and delicious https://t.co/0Ej7M0VV4N,2018-04-25 22:45:06,0.6077,0.498,0.502,0.0
nytimes,"One victim, Jane Carson-Sandler, who was raped in 1976, said she had always believed that her rapist was alive and‚Ä¶ https://t.co/Tem0SA3T9f",2018-04-25 22:31:00,-0.875,0.083,0.545,0.372
nytimes,The first lady‚Äôs couture selection was an exceptional choice by a woman adapting the role to fit herself https://t.co/0YE9bMXEiZ,2018-04-25 22:15:08,0.3612,0.128,0.872,0.0
nytimes,A wave of rookie baseball managers are out to prove that understanding people is as important as crunching numbers https://t.co/gbYpRCDKat,2018-04-25 22:00:29,0.2023,0.091,0.909,0.0
nytimes,"Memories of racial violence can be so traumatic that survivors, witnesses and inheritors stay locked in silence https://t.co/9DFzzvo0JY",2018-04-25 21:45:10,-0.8702,0.0,0.644,0.356
nytimes,"The arrest of Joseph James DeAngelo, 72, represented the first step toward closure for dozens of victims. Sacrament‚Ä¶ https://t.co/C92O2gkdvA",2018-04-25 21:31:00,-0.5719,0.0,0.783,0.217
nytimes,"The Golden State Killer, also known as the East Area Rapist and the Original Night Stalker, is thought to have kill‚Ä¶ https://t.co/WZbGfL7tcT",2018-04-25 21:28:00,-0.836,0.075,0.623,0.302
nytimes,"As Disney prepares to buy 20th Century Fox, there are many vexing questions. Among them: Should it extend its no-sm‚Ä¶ https://t.co/bDTWKsC5G4",2018-04-25 21:15:05,-0.3182,0.072,0.802,0.127
nytimes,"Qualifications: Must be attractive, know how to charm socially awkward programmers and give relaxing massages https://t.co/PZDrrIFLsr",2018-04-25 21:00:14,0.802,0.393,0.536,0.071
nytimes,"Should the public be able to look at a database of complaints against banks? The acting head of the CFPB says no, c‚Ä¶ https://t.co/ZvCHhHcwYh",2018-04-25 20:45:09,-0.5994,0.0,0.811,0.189
nytimes,"RT @nytimesbooks: Michelle McNamara died before she completed ""I'll Be Gone in the Dark,"" her book about the Golden State Killer. Her husba‚Ä¶",2018-04-25 20:41:03,-0.836,0.0,0.727,0.273
nytimes,James Comey was celebrating the remarkable success of his juicy new memoir with perhaps the last crowd left in town‚Ä¶ https://t.co/o1sT1vRWbb,2018-04-25 20:30:09,0.9001,0.379,0.621,0.0
nytimes,"RT @npfandos: SCOOP: We got a summary of the allegations collected by the Senate VA Committee Dems. 

https://t.co/D61jrQXorK",2018-04-25 20:21:32,0.3254,0.127,0.873,0.0
nytimes,Breaking News: President Trump‚Äôs pick to lead the V.A. is accused of mishandling an opioid and wrecking a car while‚Ä¶ https://t.co/1TbzrgiVst,2018-04-25 20:20:39,-0.296,0.0,0.896,0.104
nytimes,The police in New York routinely use and share sealed arrest records of people cleared of crimes without necessary‚Ä¶ https://t.co/1VWuow92mH,2018-04-25 20:17:24,0.0516,0.157,0.739,0.104
nytimes,"Celebrities of all stripes wanted to meet Emma Gonz√°lez, though she herself said the person she really wanted to me‚Ä¶ https://t.co/pMpqrNA238",2018-04-25 20:10:07,0.0,0.0,1.0,0.0
nytimes,"‚ÄúLet us face it: There is no Planet B,‚Äù President Macron said. ‚ÄúLet us work together in order to make our planet gr‚Ä¶ https://t.co/iqjcBr2gZX",2018-04-25 19:58:12,-0.296,0.0,0.913,0.087
nytimes,"Emmanuel Macron spoke critically of Trump's foreign policy, trade and environmental decisions in a speech to Congre‚Ä¶ https://t.co/Q3VmLsl41N",2018-04-25 19:57:33,0.0,0.0,1.0,0.0
nytimes,Comcast is in a takeover battle with Rupert Murdoch‚Äôs 21st Century Fox for control over the British satellite broad‚Ä¶ https://t.co/CYRT8r1Msl,2018-04-25 19:45:02,-0.3818,0.0,0.874,0.126
nytimes,"Scott Pruitt may blame his staff when Congress grills him Thursday on spending and ethics, an internal EPA memo sho‚Ä¶ https://t.co/wK3cLsqoBU",2018-04-25 19:30:04,-0.34,0.0,0.893,0.107
nytimes,Sarah Huckabee Sanders said she was ‚Äúnot going to go line by line on every outrageous thing out there right now‚Äù https://t.co/f8PS4a2aP8,2018-04-25 19:23:04,-0.4588,0.0,0.875,0.125
nytimes,"Jeff Sessions has gone from, in Trump‚Äôs words, ‚Äúa great protector of the people‚Äù to ‚Äúweak,‚Äù ‚Äúdisgraceful‚Äù and an ‚Äúi‚Ä¶ https://t.co/ZVwturJpp3",2018-04-25 19:15:03,0.6249,0.17,0.83,0.0
nytimes,New rules for elite female track athletes with high testosterone levels: Lower your levels with medicine or compete‚Ä¶ https://t.co/7HnLNy9yXn,2018-04-25 19:07:03,-0.296,0.0,0.891,0.109
nytimes,"In Opinion

Op-Ed columnist @DLeonhardt asked Times readers to list which voices and points of view are missing in‚Ä¶ https://t.co/Pnpx5Km4RM",2018-04-25 19:00:20,-0.296,0.0,0.896,0.104
nytimes,RT @jakesilverstein: Excited (and slightly worried) to be launching this new video series where @GailBichler and talk about how the @NYTmag‚Ä¶,2018-04-25 18:57:27,0.34,0.107,0.893,0.0
nytimes,Republicans lost support in every special election since Trump became president https://t.co/bZmWsGGXAO,2018-04-25 18:45:06,0.4767,0.323,0.539,0.138
nytimes,‚ÄúThe judgment will definitely create fear in the minds of those who think that they can get away with something lik‚Ä¶ https://t.co/ZweL9ZGV4v,2018-04-25 18:38:52,0.1531,0.178,0.704,0.119
nytimes,An Indian court sentenced an influential guru to life in prison for the rape of a teenage girl https://t.co/94wW6NqBIN,2018-04-25 18:37:51,-0.7351,0.112,0.538,0.35
nytimes,"""We need to stop thinking of Silicon Valley and New York as the centers of the world; there are now many others. Ch‚Ä¶ https://t.co/rHH7jMXJW9",2018-04-25 18:30:10,-0.296,0.0,0.913,0.087
nytimes,"What ""Schoolhouse Rock!"" jingle has stuck with you all these years? https://t.co/w5c5bl0nFQ",2018-04-25 18:15:09,-0.3164,0.0,0.828,0.172
nytimes,Japan has lodged an official complaint about the mango mousse that South Korea plans to serve Kim Jong-un. What mig‚Ä¶ https://t.co/SdvFfB1m7P,2018-04-25 18:00:25,-0.296,0.0,0.901,0.099
nytimes,"RT @EnnisNYT: In China, if you‚Äôre a woman with an engineering degree, you can get a job that essentially consists of cheering on male coder‚Ä¶",2018-04-25 17:57:30,0.5106,0.13,0.87,0.0
nytimes,Alcohol abuse among some in the Federal Air Marshal Service is so rampant that the TSA has had to monitor whether t‚Ä¶ https://t.co/QdsoQL8MUW,2018-04-25 17:45:06,-0.6369,0.0,0.84,0.16
nytimes,RT @EricLiptonNYT: JUST POSTED: Internal EPA document obtained by NYT details key strategy for Scott Pruitt as he faces two House hearings‚Ä¶,2018-04-25 17:34:10,0.0,0.0,1.0,0.0
nytimes,"""Avengers: Infinity War"" makes little sense on its own, our critic writes. But the cosmos belongs to Marvel now. We‚Ä¶ https://t.co/Kz5cWns0JS",2018-04-25 17:30:06,0.1779,0.144,0.7,0.156
nytimes,"A Dallas police officer died one day after he, another officer and a store security guard were shot at a Home Depot https://t.co/EfNrM8q72N",2018-04-25 17:26:10,-0.296,0.1,0.75,0.15
nytimes,"RT @MichaelPaulson: Sara Krulwich, a pioneering theater photographer for @nytimes, is being recognized by @TheTonyAwards with a 2018 Tony H‚Ä¶",2018-04-25 17:22:06,0.0,0.0,1.0,0.0
nytimes,One of the greatest living English playwrights hasn't granted a real interview in decades. But she's ready to talk‚Ä¶ https://t.co/LA1PXkC2nH,2018-04-25 17:15:07,0.6684,0.252,0.689,0.059
nytimes,"Madonna has lost a legal battle to prevent the auction of a letter from her former boyfriend, the rapper Tupac Shak‚Ä¶ https://t.co/InKOc4vh3j",2018-04-25 16:59:31,-0.5106,0.111,0.681,0.209
nytimes,"‚ÄúThe idea that anyone, young or old, past or present, was bullied or teased based on the character of Apu, it just‚Ä¶ https://t.co/5zBHHYfqvT",2018-04-25 16:50:08,-0.743,0.0,0.769,0.231
nytimes,"Breaking News: A suspect was arrested in the case of the Golden State Killer, the serial murderer and rapist who te‚Ä¶ https://t.co/U5LpRcq5nr",2018-04-25 16:41:32,-0.9643,0.0,0.456,0.544
nytimes,Here are the most biting comments NFL owners made about President Trump https://t.co/872FBzLfBo,2018-04-25 16:34:31,0.0,0.0,1.0,0.0
nytimes,"Philadelphia Eagles defensive end Chris Long, on Colin Kaepernick: ‚ÄúWe all agree in this room as players that he sh‚Ä¶ https://t.co/sCLeUEslD7",2018-04-25 16:32:29,0.3818,0.159,0.841,0.0
nytimes,The Buffalo Bills owner Terry Pegula said he thought the league was battling a perception and ‚Äúmedia problem‚Äù‚Ä¶ https://t.co/H8P5FfTnwQ,2018-04-25 16:31:02,-0.2732,0.0,0.89,0.11
nytimes,"The Houston Texans owner Bob McNair urged the players to tell their colleagues to, essentially, knock off the kneel‚Ä¶ https://t.co/ghnQAWBj2g",2018-04-25 16:25:25,0.0,0.0,1.0,0.0
nytimes,The owners were particularly eager to find a way to avoid further public rebukes from Trump https://t.co/872FBzLfBo https://t.co/TNMsN5Cyrh,2018-04-25 16:20:19,0.1513,0.14,0.75,0.11
nytimes,Exclusive: NFL owners and players discussed President Trump and Colin Kaepernick at a private meeting in October. T‚Ä¶ https://t.co/BshkPnlg0S,2018-04-25 16:15:05,0.128,0.081,0.919,0.0
nytimes,Breaking News: The Supreme Court heard a challenge to the Trump travel ban. The arguments suggested there aren't 5‚Ä¶ https://t.co/PVsKVMM5K7,2018-04-25 16:06:29,-0.34,0.187,0.573,0.24
nytimes,"Marine Lance Cpl. Maximilian Uriarte draws all of his comics by hand, using digital devices and software https://t.co/Tp53kSKhVm",2018-04-25 16:01:52,0.4939,0.158,0.842,0.0
nytimes,The Marine Corps likes to present itself with dutiful seriousness. @TerminalLance is a counterpoint to that. It is‚Ä¶ https://t.co/Oc77xAiYF1,2018-04-25 16:00:19,0.3818,0.14,0.8,0.06
nytimes,What started out as a relaxing day at a Pennsylvania golf course turned into an ugly confrontation https://t.co/f6Tg03mu6U,2018-04-25 15:50:03,-0.34,0.147,0.596,0.257
nytimes,"Bill Cosby‚Äôs first trial ended in a hung jury last June. As the jury in his retrial begins deliberations today, her‚Ä¶ https://t.co/X17z8o84zs",2018-04-25 15:40:02,0.0,0.0,1.0,0.0
nytimes,"RT @nytimesbooks: Is James Comey's book a hit? Here are the numbers.
https://t.co/SpDMLR3kJR",2018-04-25 15:30:10,0.0,0.0,1.0,0.0
nytimes,The MSNBC host Joy Reid said that anti-gay posts from a blog she used to operate were created by hackers https://t.co/GJN00GY5jC,2018-04-25 15:22:01,0.7003,0.244,0.756,0.0
nytimes,RT @kzernike: F.D.A. wants to know if Juul is intentionally marketing to teenagers - despite what the company says  https://t.co/ie5rWEOFBe,2018-04-25 15:15:07,0.0,0.0,1.0,0.0
nytimes,A suspect was arrested in the shooting of 2 Dallas police officers who were critically wounded outside a Home Depot https://t.co/RuaX2YDihg,2018-04-25 15:07:02,-0.6486,0.0,0.751,0.249
nytimes,Pope Francis will host three victims of sexual abuse at the Vatican hotel where he lives to ask their forgiveness https://t.co/XwRNdDCtBu,2018-04-25 15:00:12,-0.6597,0.079,0.677,0.244
nytimes,"RT @nytimesworld: Thanks to a donation of $50 million from the United Arab Emirates, one of the Iraqi city of Mosul's most renowned landmar‚Ä¶",2018-04-25 14:45:11,0.6908,0.213,0.787,0.0
nytimes,"It was ""a case so heinous and repulsive that as a prosecutor, it renders you speechless"" https://t.co/CyM3OedHwn",2018-04-25 14:29:04,0.0,0.0,1.0,0.0
nytimes,"RT @nytpolitics: Debbie Lesko, a strong supporter of President Trump, has won a House seat in Arizona https://t.co/AkCA9pShuE https://t.co/‚Ä¶",2018-04-25 14:14:04,0.8442,0.394,0.606,0.0
nytimes,"An NCAA commission proposed college basketball reforms, including ending the practice of playing only one season be‚Ä¶ https://t.co/CmMqkecrhy",2018-04-25 13:59:05,0.2023,0.096,0.904,0.0
nytimes,"""We slowly stopped doing things for them and guided them in learning how to do them for themselves"" https://t.co/1lkWgD3CfZ",2018-04-25 13:44:01,-0.2263,0.0,0.905,0.095
nytimes,The chief of the Madrid regional government resigned  after a website posted video that appeared to show her being‚Ä¶ https://t.co/yvtT83u0Qa,2018-04-25 13:30:05,-0.25,0.0,0.9,0.1
nytimes,"You might ask, ‚ÄúWhy does it take 7 people to write a song that sounds like it came from a computer?‚Äù But ‚ÄúThe Middl‚Ä¶ https://t.co/2FQUWwCbmo",2018-04-25 13:14:47,0.1901,0.077,0.923,0.0
nytimes,Morning Briefing: Here's what you need to know to start your day https://t.co/PKop22jc57 https://t.co/e5k5y7FTmX,2018-04-25 13:00:08,0.0,0.0,1.0,0.0
nytimes,"Don Blankenship is running for the United States Senate as a proud West Virginian with Appalachian roots, but his p‚Ä¶ https://t.co/mAaHubgHtW",2018-04-25 12:44:06,0.4497,0.18,0.82,0.0
nytimes,Stephen Colbert and other late-night hosts struggled with what to make of the relationship between Trump and Macron https://t.co/YoMu6p6R3J,2018-04-25 12:30:17,-0.34,0.0,0.882,0.118
nytimes,Twitter‚Äôs stock has more than doubled in value in the past 12 months as the company has undergone a perception shif‚Ä¶ https://t.co/MxIhhh2yBh,2018-04-25 12:14:02,0.34,0.107,0.893,0.0
nytimes,"Your daily @DealBook Briefing:

‚Ä¢ The fight for Sky is officially on.¬†

‚Ä¢ Stocks have fallen for the fourth day in‚Ä¶ https://t.co/FdEPluftuj",2018-04-25 12:00:07,-0.6249,0.0,0.779,0.221
nytimes,A memorial in Alabama demands a reckoning with one of America's least recognized atrocities: the lynching of thousa‚Ä¶ https://t.co/dd30msa398,2018-04-25 11:45:06,0.0,0.0,1.0,0.0
nytimes,Analysts said that Japan's biggest worry might be an impulsive desire on President Trump's part to declare a quick‚Ä¶ https://t.co/beCSpY6HC8,2018-04-25 11:30:15,-0.0516,0.119,0.752,0.128
nytimes,"The nomination of Ronny Jackson, President Trump's personal doctor, as the next head of Veterans Affairs has come t‚Ä¶ https://t.co/MGC3Xlw88F",2018-04-25 11:20:03,0.0,0.0,1.0,0.0
nytimes,"A Danish inventor has been sentenced to life in prison for killing Kim Wall, a journalist. Prosecutors said he tort‚Ä¶ https://t.co/dMmyAik3id",2018-04-25 11:12:07,-0.8316,0.0,0.645,0.355
nytimes,RT @nytgraphics: Republicans have lost support in every special congressional election since Donald J. Trump became president. https://t.co‚Ä¶,2018-04-25 11:00:13,0.4767,0.238,0.661,0.101
nytimes,On the table are issues that have bedeviled the Korean Peninsula for much of the 20th century https://t.co/Jb9BnQVzhW,2018-04-25 10:44:04,0.0,0.0,1.0,0.0
nytimes,"""President Duterte never disclosed to the public that his supposed rehabilitation plan includes deployment of polic‚Ä¶ https://t.co/RFvDAexq2h",2018-04-25 10:15:09,0.0,0.0,1.0,0.0
nytimes,Morning¬†Briefing: Here's what you need to know to start your day https://t.co/SuOMWXrd8p https://t.co/UGH5GsBmHk,2018-04-25 10:00:11,0.0,0.0,1.0,0.0
nytimes,"The first female statue was unveiled in London's historic Parliament Square, after 11 male statues ‚Äî mostly of whit‚Ä¶ https://t.co/SyQRdmGeNA",2018-04-25 10:00:07,0.0,0.0,1.0,0.0
nytimes,"Renford McIntyre was just a child when he left Jamaica to join his parents in Britain. At the age of 60, he was dec‚Ä¶ https://t.co/yCmNiM3DYV",2018-04-25 09:44:03,0.296,0.087,0.913,0.0
nytimes,They blame women for denying them their right to sexual intercourse. Here's a brief guide to the incel community: https://t.co/V2KGVljfER,2018-04-25 09:30:12,-0.5859,0.0,0.78,0.22
nytimes,"Before rushing toward the suspect, or firing his gun, Constable Lam did something else: He paused, walked briskly b‚Ä¶ https://t.co/RSvTZxXz3a",2018-04-25 09:15:03,-0.7184,0.0,0.708,0.292
nytimes,WhatsApp is raising its minimum age from 13 to 16 in Europe to help it comply with new data privacy rules coming in‚Ä¶ https://t.co/khr5JIllnP,2018-04-25 09:00:04,0.4019,0.105,0.895,0.0
nytimes,"""Arthur is still the clear favorite,"" said a public relations representative for Britain's biggest betting company https://t.co/V5Gy4SjMg4",2018-04-25 08:44:06,0.3818,0.148,0.852,0.0
nytimes,"""It used to be a pretty good deal to be a white, Christian male in America, but things have changed and I think the‚Ä¶ https://t.co/0C3Qb9t6GX",2018-04-25 08:30:05,0.4678,0.168,0.832,0.0
nytimes,Their body language went beyond the usual respectful handshakes of two world leaders meeting for high-level talks https://t.co/DMZCHh2e4Q,2018-04-25 08:15:03,0.4588,0.15,0.85,0.0
nytimes,The American-led air campaign to defeat the remnants of ISIS in eastern Syria lost its main ground force. Now it is‚Ä¶ https://t.co/CsPIbQHfoC,2018-04-25 08:02:04,-0.6486,0.0,0.791,0.209
nytimes,"After nearly 200 years and 11 statues of men, Parliament Square in London has its first statue of a woman: the suff‚Ä¶ https://t.co/jlfObszR4L",2018-04-25 07:47:04,0.0,0.0,1.0,0.0
nytimes,"Finland's test of universal basic income ‚Äì free money, no strings attached ‚Äì will end this year. What did the natio‚Ä¶ https://t.co/fuwESa8aVM",2018-04-25 07:32:06,0.2732,0.14,0.766,0.094
nytimes,Greek authorities and human rights groups say they fear rising tensions and more conflicts on the eastern Aegean Is‚Ä¶ https://t.co/PRgpodLmjc,2018-04-25 07:17:05,-0.8313,0.0,0.659,0.341
nytimes,Wheels: Cars That Will Get Your Grad Down the Road of Life https://t.co/eKntgtZXYQ,2018-04-25 07:03:53,0.0,0.0,1.0,0.0
nytimes,Statements by the United States and North Korea suggest that they are not just driving at different goals. They may‚Ä¶ https://t.co/L7FBZduyhf,2018-04-25 07:02:05,0.4215,0.123,0.877,0.0
nytimes,"""I'm an ardent advocate for the Second Amendment, and none of those gun safety measures threaten any of those thing‚Ä¶ https://t.co/hSjzYr5hgH",2018-04-25 06:34:07,0.6526,0.288,0.617,0.094
